timestamp,motion,vibration_detected,earthquake_detected,risk_level
2026-01-29 13:47:35,0.005,No,No,Low
2026-01-29 13:47:40,0.004,No,No,Low
2026-01-29 13:47:44,0.559,No,No,High
2026-01-29 13:47:50,0.623,No,No,High
2026-01-29 13:47:55,0.001,No,No,Low
2026-01-29 13:48:00,0.006,No,No,Low
2026-01-29 13:48:04,0.003,No,No,Low
2026-01-29 13:48:09,0.008,No,No,Low
2026-01-29 13:48:13,0.015,No,No,Low
2026-01-29 13:48:18,0.013,No,No,Low
2026-01-29 13:48:22,0.009,No,No,Low
2026-01-29 13:48:27,0.156,No,No,Medium
2026-01-29 13:48:32,0.009,No,No,Low
2026-01-29 13:48:36,0.157,No,No,Medium
2026-01-29 13:48:42,0.052,No,No,Low
2026-01-29 13:48:46,0.028,No,No,Low
2026-01-29 13:48:51,0.027,No,No,Low
2026-01-29 13:48:55,0.003,Yes,No,Medium
2026-01-29 13:49:00,0.007,Yes,No,Medium
2026-01-29 13:49:05,0.005,Yes,No,Medium
2026-01-29 13:49:10,0.003,Yes,No,Medium
2026-01-29 13:49:14,0.003,Yes,No,Medium
2026-01-29 13:49:19,0.016,Yes,No,Medium
2026-01-29 13:49:24,0.046,Yes,No,Medium
2026-01-29 13:49:28,1.138,Yes,No,High
2026-01-29 13:49:34,1.419,Yes,No,High
2026-01-29 13:49:40,0.103,Yes,No,Medium
2026-01-29 13:49:44,0.659,Yes,No,High
2026-01-29 13:49:50,0.581,Yes,No,High
2026-01-29 13:49:55,0.581,Yes,Yes,Critical
2026-01-29 13:50:25,0.007,Yes,Yes,Medium
2026-01-29 13:50:30,0.002,Yes,Yes,Medium
2026-01-29 13:50:35,0.001,Yes,Yes,Medium
2026-01-29 13:50:40,0.001,Yes,Yes,Medium
2026-01-29 13:50:44,0.006,Yes,Yes,Medium
2026-01-29 13:50:49,0.001,Yes,Yes,Medium
2026-01-29 13:50:53,0.005,Yes,Yes,Medium
2026-01-29 13:50:58,0.0,Yes,Yes,Medium
2026-01-29 13:51:03,0.004,Yes,Yes,Medium
2026-01-29 13:51:07,0.006,Yes,Yes,Medium
2026-01-29 13:51:12,0.003,Yes,Yes,Medium
2026-01-29 13:51:17,0.009,Yes,Yes,Medium
2026-01-29 13:51:22,0.004,Yes,Yes,Medium
2026-01-29 13:51:26,0.0,Yes,Yes,Medium
2026-01-29 13:51:31,0.004,Yes,Yes,Medium
2026-01-29 13:51:36,0.004,Yes,Yes,Medium
2026-01-29 13:51:41,0.009,Yes,Yes,Medium
2026-01-29 13:51:45,0.004,Yes,Yes,Medium
2026-01-29 13:51:50,0.002,Yes,Yes,Medium
2026-01-29 13:51:55,0.011,Yes,Yes,Medium
2026-01-29 13:52:00,0.003,Yes,Yes,Medium
2026-01-29 13:52:04,0.005,Yes,Yes,Medium
2026-01-29 13:52:09,0.006,Yes,Yes,Medium
2026-01-29 13:52:14,0.004,Yes,Yes,Medium
2026-01-29 13:52:18,0.002,Yes,Yes,Medium
2026-01-29 13:52:23,0.006,Yes,Yes,Medium
2026-01-29 13:52:28,0.003,Yes,Yes,Medium
2026-01-29 13:52:33,0.002,Yes,Yes,Medium
2026-01-29 13:52:37,0.0,Yes,Yes,Medium
2026-01-29 13:52:42,0.001,Yes,Yes,Medium
2026-01-29 13:52:47,0.0,Yes,Yes,Medium
2026-01-29 13:52:51,0.001,Yes,Yes,Medium
2026-01-29 13:52:56,0.003,Yes,Yes,Medium
2026-01-29 13:53:01,0.001,Yes,Yes,Medium
2026-01-29 13:53:06,0.0,Yes,Yes,Medium
2026-01-29 13:53:10,0.001,Yes,Yes,Medium
2026-01-29 13:53:15,0.004,Yes,Yes,Medium
2026-01-29 13:53:19,0.001,Yes,Yes,Medium
2026-01-29 13:53:24,0.015,Yes,Yes,Medium
2026-01-29 13:53:29,0.011,Yes,Yes,Medium
2026-01-29 13:53:33,0.008,Yes,Yes,Medium
2026-01-29 13:53:38,0.004,Yes,Yes,Medium
2026-01-29 13:53:43,0.001,Yes,Yes,Medium
2026-01-29 13:53:47,0.003,Yes,Yes,Medium
2026-01-29 13:53:52,0.003,Yes,Yes,Medium
2026-01-29 13:53:57,0.001,Yes,Yes,Medium
2026-01-29 13:54:01,0.0,Yes,Yes,Medium
2026-01-29 13:54:06,0.024,Yes,Yes,Medium
2026-01-29 13:54:11,0.001,Yes,Yes,Medium
2026-01-29 13:54:15,0.004,Yes,Yes,Medium
2026-01-29 13:54:20,0.0,Yes,Yes,Medium
2026-01-29 13:54:25,0.002,Yes,Yes,Medium
2026-01-29 13:54:29,0.0,Yes,Yes,Medium
2026-01-29 13:54:34,0.008,No,No,Low
2026-01-29 13:55:04,0.003,No,No,Low
2026-01-29 13:55:08,0.001,No,No,Low
2026-01-29 13:55:13,0.004,No,No,Low
2026-01-29 13:55:18,0.0,No,No,Low
2026-01-29 13:55:22,0.002,No,No,Low
2026-01-29 13:55:27,0.004,No,No,Low
2026-01-29 13:55:31,0.003,No,No,Low
2026-01-29 13:55:36,0.001,No,No,Low
2026-01-29 13:55:40,0.0,No,No,Low
2026-01-29 13:55:45,0.001,No,No,Low
2026-01-29 13:55:50,0.004,No,No,Low
2026-01-29 13:55:54,0.003,No,No,Low
2026-01-29 13:55:59,0.001,No,No,Low
2026-01-29 13:56:03,0.003,No,No,Low
2026-01-29 13:56:08,0.003,No,No,Low
2026-01-29 13:56:12,0.002,No,No,Low
2026-01-29 13:56:17,0.002,No,No,Low
2026-01-29 13:56:22,0.003,No,No,Low
2026-01-29 13:56:26,0.004,No,No,Low
2026-01-29 13:56:31,0.0,No,No,Low
2026-01-29 13:56:35,0.002,No,No,Low
2026-01-29 13:56:40,0.006,No,No,Low
2026-01-29 13:56:44,0.001,No,No,Low
2026-01-29 13:56:49,0.003,No,No,Low
2026-01-29 13:56:53,0.004,No,No,Low
2026-01-29 13:56:58,0.006,No,No,Low
2026-01-29 13:57:02,0.001,No,No,Low
2026-01-29 13:57:07,0.002,No,No,Low
2026-01-29 13:57:11,0.001,No,No,Low
2026-01-29 13:57:16,0.003,No,No,Low
2026-01-29 13:57:20,0.002,No,No,Low
2026-01-29 13:57:25,0.0,No,No,Low
2026-01-29 13:57:29,0.0,No,No,Low
2026-01-29 13:57:34,0.003,No,No,Low
2026-01-29 13:57:38,0.001,No,No,Low
2026-01-29 13:57:43,0.001,No,No,Low
2026-01-29 13:57:47,0.002,No,No,Low
2026-01-29 13:57:52,0.0,No,No,Low
2026-01-29 13:57:56,0.005,No,No,Low
2026-01-29 13:58:01,0.003,No,No,Low
2026-01-29 13:58:05,0.004,No,No,Low
2026-01-29 13:58:10,0.004,No,No,Low
2026-01-29 13:58:15,0.001,No,No,Low
2026-01-29 13:58:19,0.004,No,No,Low
2026-01-29 13:58:23,0.002,No,No,Low
2026-01-29 13:58:28,0.004,No,No,Low
2026-01-29 13:58:33,0.002,No,No,Low
2026-01-29 13:58:37,0.001,No,No,Low
2026-01-29 13:58:42,0.001,No,No,Low
2026-01-29 13:58:46,0.0,No,No,Low
2026-01-29 13:58:51,0.003,No,No,Low
2026-01-29 13:58:55,0.004,No,No,Low
2026-01-29 13:59:00,0.003,No,No,Low
2026-01-29 13:59:05,0.003,No,No,Low
2026-01-29 13:59:09,0.002,No,No,Low
2026-01-29 13:59:14,0.0,No,No,Low
2026-01-29 13:59:18,0.001,No,No,Low
2026-01-29 13:59:23,0.002,No,No,Low
2026-01-29 13:59:27,0.002,No,No,Low
2026-01-29 13:59:32,0.002,No,No,Low
2026-01-29 13:59:36,0.002,No,No,Low
2026-01-29 13:59:41,0.004,No,No,Low
2026-01-29 13:59:45,0.001,No,No,Low
2026-01-29 13:59:50,0.002,No,No,Low
2026-01-29 13:59:54,0.001,No,No,Low
2026-01-29 13:59:58,0.001,No,No,Low
2026-01-29 14:00:03,0.002,No,No,Low
2026-01-29 14:00:08,0.001,No,No,Low
2026-01-29 14:00:13,0.002,No,No,Low
2026-01-29 14:00:17,0.004,No,No,Low
2026-01-29 14:00:22,0.002,No,No,Low
2026-01-29 14:00:26,0.002,No,No,Low
2026-01-29 14:00:31,0.002,No,No,Low
2026-01-29 14:00:36,0.006,No,No,Low
2026-01-29 14:00:40,0.003,No,No,Low
2026-01-29 14:00:45,0.001,No,No,Low
2026-01-29 14:00:49,0.0,No,No,Low
2026-01-29 14:00:54,0.006,No,No,Low
2026-01-29 14:00:58,0.002,No,No,Low
2026-01-29 14:01:03,0.003,No,No,Low
2026-01-29 14:01:07,0.003,No,No,Low
2026-01-29 14:01:12,0.003,No,No,Low
2026-01-29 14:01:17,0.007,No,No,Low
2026-01-29 14:01:21,0.004,No,No,Low
2026-01-29 14:01:26,0.002,No,No,Low
2026-01-29 14:01:30,0.001,No,No,Low
2026-01-29 14:01:35,0.002,No,No,Low
2026-01-29 14:01:40,0.0,No,No,Low
2026-01-29 14:01:44,0.001,No,No,Low
2026-01-29 14:01:49,0.001,No,No,Low
2026-01-29 14:01:53,0.001,No,No,Low
2026-01-29 14:01:58,0.002,No,No,Low
2026-01-29 14:02:02,0.002,No,No,Low
2026-01-29 14:02:07,0.003,No,No,Low
2026-01-29 14:02:11,0.004,No,No,Low
2026-01-29 14:02:16,0.001,No,No,Low
2026-01-29 14:02:21,0.01,No,No,Low
2026-01-29 14:02:25,0.004,No,No,Low
2026-01-29 14:02:30,0.002,No,No,Low
2026-01-29 14:02:34,0.009,No,No,Low
2026-01-29 14:02:39,0.008,No,No,Low
2026-01-29 14:02:43,0.001,No,No,Low
2026-01-29 14:02:48,0.002,No,No,Low
2026-01-29 14:02:52,0.001,No,No,Low
2026-01-29 14:02:57,0.005,No,No,Low
2026-01-29 14:03:01,0.001,No,No,Low
2026-01-29 14:03:06,0.0,No,No,Low
2026-01-29 14:03:10,0.0,No,No,Low
2026-01-29 14:03:15,0.004,No,No,Low
2026-01-29 14:03:19,0.01,No,No,Low
2026-01-29 14:03:24,0.003,No,No,Low
2026-01-29 14:03:28,0.001,No,No,Low
2026-01-29 14:03:33,0.001,No,No,Low
2026-01-29 14:03:37,0.005,No,No,Low
2026-01-29 14:03:42,0.003,No,No,Low
2026-01-29 14:03:46,0.0,No,No,Low
2026-01-29 14:03:51,0.001,No,No,Low
2026-01-29 14:03:56,0.008,No,No,Low
2026-01-29 14:04:00,0.004,No,No,Low
2026-01-29 14:04:05,0.008,No,No,Low
2026-01-29 14:04:09,0.005,No,No,Low
2026-01-29 14:04:14,0.001,No,No,Low
2026-01-29 14:04:18,0.003,No,No,Low
2026-01-29 14:04:23,0.004,No,No,Low
2026-01-29 14:04:27,0.001,No,No,Low
2026-01-29 14:04:32,0.004,No,No,Low
2026-01-29 14:04:37,0.002,No,No,Low
2026-01-29 14:04:41,0.001,No,No,Low
2026-01-29 14:04:46,0.006,No,No,Low
2026-01-29 14:04:50,0.001,No,No,Low
2026-01-29 14:04:55,0.0,No,No,Low
2026-01-29 14:04:59,0.001,No,No,Low
2026-01-29 14:05:04,0.007,No,No,Low
2026-01-29 14:05:08,0.005,No,No,Low
2026-01-29 14:05:13,0.003,No,No,Low
2026-01-29 14:05:17,0.003,No,No,Low
2026-01-29 14:05:22,0.012,No,No,Low
2026-01-29 14:05:26,0.002,No,No,Low
2026-01-29 14:05:31,0.001,No,No,Low
2026-01-29 14:05:35,0.001,No,No,Low
2026-01-29 14:05:40,0.002,No,No,Low
2026-01-29 14:05:44,0.005,No,No,Low
2026-01-29 14:05:49,0.002,No,No,Low
2026-01-29 14:05:53,0.0,No,No,Low
2026-01-29 14:05:58,0.003,No,No,Low
2026-01-29 14:06:02,0.004,No,No,Low
2026-01-29 14:06:07,0.0,No,No,Low
2026-01-29 14:06:11,0.004,No,No,Low
2026-01-29 14:06:16,0.001,No,No,Low
2026-01-29 14:06:20,0.006,No,No,Low
2026-01-29 14:06:25,0.001,No,No,Low
2026-01-29 14:06:29,0.003,No,No,Low
2026-01-29 14:06:34,0.003,No,No,Low
2026-01-29 14:06:39,0.0,No,No,Low
2026-01-29 14:06:43,0.002,No,No,Low
2026-01-29 14:06:48,0.005,No,No,Low
2026-01-29 14:06:52,0.001,No,No,Low
2026-01-29 14:06:57,0.009,No,No,Low
2026-01-29 14:07:02,0.001,No,No,Low
2026-01-29 14:07:06,0.004,No,No,Low
2026-01-29 14:07:11,0.006,No,No,Low
2026-01-29 14:07:15,0.007,No,No,Low
2026-01-29 14:07:20,0.005,No,No,Low
2026-01-29 14:07:24,0.002,No,No,Low
2026-01-29 14:07:29,0.006,No,No,Low
2026-01-29 14:07:33,0.003,No,No,Low
2026-01-29 14:07:38,0.006,No,No,Low
2026-01-29 14:07:43,0.002,No,No,Low
2026-01-29 14:07:47,0.003,No,No,Low
2026-01-29 14:07:52,0.001,No,No,Low
2026-01-29 14:07:56,0.001,No,No,Low
2026-01-29 14:08:01,0.004,No,No,Low
2026-01-29 14:08:06,0.004,No,No,Low
2026-01-29 14:08:10,0.002,No,No,Low
2026-01-29 14:08:15,0.003,No,No,Low
2026-01-29 14:08:19,0.003,No,No,Low
2026-01-29 14:08:24,0.001,No,No,Low
2026-01-29 14:08:28,0.001,No,No,Low
2026-01-29 14:08:33,0.002,No,No,Low
2026-01-29 14:08:38,0.002,No,No,Low
2026-01-29 14:08:42,0.003,No,No,Low
2026-01-29 14:08:47,0.003,No,No,Low
2026-01-29 14:08:51,0.003,No,No,Low
2026-01-29 14:08:56,0.002,No,No,Low
2026-01-29 14:09:00,0.004,No,No,Low
2026-01-29 14:09:05,0.001,No,No,Low
2026-01-29 14:09:10,0.004,No,No,Low
2026-01-29 14:09:14,0.711,No,No,High
2026-01-29 14:09:20,0.054,No,No,Low
2026-01-29 14:09:24,0.135,No,No,Low
2026-01-29 14:09:29,2.464,No,No,High
2026-01-29 14:09:34,0.177,No,No,Medium
2026-01-29 14:09:39,0.801,No,No,High
2026-01-29 14:09:45,0.657,No,No,High
2026-01-29 14:09:50,0.065,No,No,Low
2026-01-29 14:09:55,0.09,No,No,Low
2026-01-29 14:09:59,0.008,No,No,Low
2026-01-29 14:10:04,0.719,No,No,High
2026-01-29 14:10:09,0.069,No,No,Low
2026-01-29 14:10:14,0.007,No,No,Low
2026-01-29 14:10:18,0.006,No,No,Low
2026-01-29 14:10:23,0.003,No,No,Low
2026-01-29 14:10:28,0.005,No,No,Low
2026-01-29 14:10:32,0.007,No,No,Low
2026-01-29 14:10:37,0.0,No,No,Low
2026-01-29 14:10:41,0.0,Yes,No,Medium
2026-01-29 14:10:46,0.002,Yes,No,Medium
2026-01-29 14:10:50,0.402,Yes,No,High
2026-01-29 14:10:56,0.985,Yes,No,High
2026-01-29 14:11:01,2.12,Yes,Yes,Critical
2026-01-29 14:11:31,0.085,Yes,Yes,Medium
2026-01-29 14:11:36,0.387,Yes,No,High
2026-01-29 14:12:07,0.25,Yes,No,Medium
2026-01-29 14:12:11,0.001,Yes,No,Medium
2026-01-29 14:12:16,0.734,Yes,No,High
2026-01-29 14:12:22,0.175,Yes,No,Medium
2026-01-29 14:12:26,0.045,Yes,No,Medium
2026-01-29 14:12:31,0.196,Yes,No,Medium
2026-01-29 14:12:36,0.299,Yes,No,Medium
2026-01-29 14:12:41,2.047,Yes,No,High
2026-01-29 14:12:46,1.128,Yes,No,High
2026-01-29 14:12:52,0.018,Yes,No,Medium
2026-01-29 14:12:56,0.901,Yes,No,High
2026-01-29 14:13:02,0.23,Yes,No,Medium
2026-01-29 14:13:07,0.23,Yes,No,Medium
2026-01-29 14:13:11,0.003,Yes,No,Medium
2026-01-29 14:13:16,0.399,Yes,No,High
2026-01-29 14:13:22,0.044,Yes,No,Medium
2026-01-29 14:13:26,1.844,Yes,No,High
2026-01-29 14:13:32,0.098,Yes,No,Medium
2026-01-29 14:13:36,0.283,Yes,No,Medium
2026-01-29 14:13:41,1.079,Yes,No,High
2026-01-29 14:13:46,1.843,Yes,No,High
2026-01-29 14:13:52,1.737,Yes,Yes,Critical
2026-01-29 14:14:22,0.03,Yes,Yes,Medium
2026-01-29 14:14:26,1.055,Yes,No,High
2026-01-29 14:14:57,1.835,No,No,High
2026-01-29 14:15:03,0.006,No,No,Low
2026-01-29 14:15:08,0.001,No,No,Low
2026-01-29 14:15:12,0.0,No,No,Low
2026-01-29 14:15:17,0.149,No,No,Low
2026-01-29 14:15:22,2.006,No,No,High
2026-01-29 14:15:27,0.069,No,No,Low
2026-01-29 14:15:32,0.684,No,No,High
2026-01-29 14:15:37,0.303,No,No,High
2026-01-29 14:15:43,0.64,No,No,High
2026-01-29 14:15:49,0.701,No,No,High
2026-01-29 14:15:54,1.819,No,No,High
2026-01-29 14:16:00,0.035,No,No,Low
2026-01-29 14:16:04,0.427,No,No,High
2026-01-29 14:16:10,0.804,No,No,High
2026-01-29 14:16:15,0.593,No,No,High
2026-01-29 14:16:22,1.523,No,No,High
2026-01-29 14:16:28,0.285,No,No,Medium
2026-01-29 14:16:32,0.008,No,No,Low
2026-01-29 14:16:37,2.308,No,No,High
2026-01-29 14:16:43,0.0,No,No,Low
2026-01-29 14:16:48,0.133,No,No,Low
2026-01-29 14:16:52,0.005,No,No,Low
2026-01-29 14:16:57,0.003,No,No,Low
2026-01-29 14:17:02,0.006,No,No,Low
2026-01-29 14:17:07,0.006,No,No,Low
2026-01-29 14:17:12,0.003,No,No,Low
2026-01-29 14:17:17,0.002,No,No,Low
2026-01-29 14:17:21,0.006,No,No,Low
2026-01-29 14:17:26,0.0,No,No,Low
2026-01-29 14:17:30,0.0,No,No,Low
2026-01-29 14:17:35,0.005,No,No,Low
2026-01-29 14:17:39,0.0,No,No,Low
2026-01-29 14:17:45,0.001,No,No,Low
2026-01-29 14:17:50,0.002,No,No,Low
2026-01-29 14:17:54,0.0,No,No,Low
2026-01-29 14:17:59,0.001,No,No,Low
2026-01-29 14:18:03,0.002,No,No,Low
2026-01-29 14:18:08,0.008,No,No,Low
2026-01-29 14:18:13,0.006,No,No,Low
2026-01-29 14:18:17,0.003,No,No,Low
2026-01-29 14:18:22,0.004,No,No,Low
2026-01-29 14:18:26,0.002,No,No,Low
2026-01-29 14:18:31,0.005,No,No,Low
2026-01-29 14:18:35,0.003,No,No,Low
2026-01-29 14:18:40,0.005,No,No,Low
2026-01-29 14:18:45,0.01,No,No,Low
2026-01-29 14:18:49,0.0,No,No,Low
2026-01-29 14:18:54,0.004,No,No,Low
2026-01-29 14:18:58,0.012,No,No,Low
2026-01-29 14:19:03,0.001,Yes,No,Medium
2026-01-29 14:19:08,2.274,Yes,No,High
2026-01-29 14:19:13,0.83,Yes,No,High
2026-01-29 14:19:19,2.225,Yes,Yes,Critical
2026-01-29 14:19:49,0.003,Yes,Yes,Medium
2026-01-29 14:19:54,0.002,Yes,Yes,Medium
2026-01-29 14:19:59,0.002,Yes,Yes,Medium
2026-01-29 14:20:09,0.531,Yes,No,High
2026-01-29 14:20:40,0.073,Yes,No,Medium
2026-01-29 14:20:45,0.452,Yes,No,High
2026-01-29 14:20:50,0.623,Yes,No,High
2026-01-29 14:20:55,0.504,Yes,Yes,Critical
2026-01-29 14:21:25,0.696,Yes,Yes,Critical
2026-01-29 14:21:30,1.714,Yes,Yes,Critical
2026-01-29 14:21:35,0.092,Yes,Yes,Medium
2026-01-29 14:21:39,0.231,Yes,Yes,Medium
2026-01-29 14:21:44,0.002,Yes,Yes,Medium
2026-01-29 14:21:49,0.751,Yes,No,High
2026-01-29 14:22:19,0.004,Yes,No,Medium
2026-01-29 14:22:24,0.593,Yes,No,High
2026-01-29 14:22:30,0.511,Yes,No,High
2026-01-29 14:22:36,0.379,Yes,Yes,Critical
2026-01-29 14:23:06,0.725,Yes,Yes,Critical
2026-01-29 14:23:11,1.268,Yes,Yes,Critical
2026-01-29 14:23:15,0.033,Yes,Yes,Medium
2026-01-29 14:23:20,0.005,Yes,Yes,Medium
2026-01-29 14:23:24,0.006,No,No,Low
2026-01-29 14:23:54,0.002,No,No,Low
2026-01-29 14:23:59,0.027,No,No,Low
2026-01-29 14:24:03,0.002,No,No,Low
2026-01-29 14:24:11,0.002,No,No,Low
2026-01-29 14:24:15,0.001,No,No,Low
2026-01-29 14:24:20,0.004,No,No,Low
2026-01-29 14:24:24,0.001,No,No,Low
2026-01-29 14:24:29,0.007,No,No,Low
2026-01-29 14:24:34,0.005,No,No,Low
2026-01-29 14:24:38,0.003,No,No,Low
2026-01-29 14:24:43,0.002,No,No,Low
2026-01-29 14:24:47,0.001,No,No,Low
2026-01-29 14:24:52,0.001,No,No,Low
2026-01-29 14:24:57,0.006,No,No,Low
2026-01-29 14:25:01,1.636,No,No,High
2026-01-29 14:25:07,0.015,No,No,Low
2026-01-29 14:25:11,0.417,No,No,High
2026-01-29 14:25:17,0.013,No,No,Low
2026-01-29 14:25:21,0.405,Yes,No,High
2026-01-29 14:25:27,1.929,Yes,No,High
2026-01-29 14:25:32,1.3,Yes,Yes,Critical
2026-01-29 14:26:02,0.625,Yes,Yes,Critical
2026-01-29 14:26:06,0.183,Yes,Yes,Medium
2026-01-29 14:26:11,0.386,Yes,No,High
2026-01-29 14:26:42,0.152,Yes,No,Medium
2026-01-29 14:26:47,1.615,Yes,No,High
2026-01-29 14:26:52,0.729,Yes,No,High
2026-01-29 14:26:58,2.195,Yes,Yes,Critical
2026-01-29 14:27:27,1.994,Yes,Yes,Critical
2026-01-29 14:27:32,0.712,Yes,Yes,Critical
2026-01-29 14:27:36,0.334,Yes,Yes,Critical
2026-01-29 14:27:41,0.491,Yes,Yes,Critical
2026-01-29 14:27:45,1.2,Yes,Yes,Critical
2026-01-29 14:27:50,0.221,Yes,Yes,Medium
2026-01-29 14:27:55,0.021,Yes,Yes,Medium
2026-01-29 14:27:59,0.393,Yes,No,High
2026-01-29 14:28:30,0.58,Yes,No,High
2026-01-29 14:28:35,0.347,Yes,Yes,Critical
2026-01-29 14:29:05,0.008,No,No,Low
2026-01-29 14:29:35,0.008,No,No,Low
2026-01-29 14:29:39,0.008,No,No,Low
2026-01-29 14:29:44,0.004,No,No,Low
2026-01-29 14:29:48,0.006,No,No,Low
2026-01-29 14:29:53,0.011,No,No,Low
2026-01-29 14:29:57,0.009,No,No,Low
2026-01-29 14:30:02,0.015,No,No,Low
2026-01-29 14:30:06,0.012,No,No,Low
2026-01-29 14:30:11,0.009,No,No,Low
2026-01-29 14:30:15,0.012,No,No,Low
2026-01-29 14:30:20,0.011,No,No,Low
2026-01-29 14:30:24,0.01,No,No,Low
2026-01-29 14:30:29,0.008,No,No,Low
2026-01-29 14:30:34,0.013,No,No,Low
2026-01-29 14:30:38,0.013,No,No,Low
2026-01-29 14:30:43,0.011,No,No,Low
2026-01-29 14:30:47,0.012,No,No,Low
2026-01-29 14:30:52,0.01,No,No,Low
2026-01-29 14:30:56,0.012,No,No,Low
2026-01-29 14:31:01,0.005,No,No,Low
2026-01-29 14:31:05,0.009,No,No,Low
2026-01-29 14:31:10,0.01,No,No,Low
2026-01-29 14:31:15,0.012,No,No,Low
2026-01-29 14:31:19,0.013,No,No,Low
2026-01-29 14:31:24,0.007,No,No,Low
2026-01-29 14:31:28,0.011,No,No,Low
2026-01-29 14:31:33,0.009,No,No,Low
2026-01-29 14:31:38,0.011,No,No,Low
2026-01-29 14:31:42,0.01,No,No,Low
2026-01-29 14:31:47,0.007,No,No,Low
2026-01-29 14:31:51,0.006,No,No,Low
2026-01-29 14:31:56,0.006,No,No,Low
2026-01-29 14:32:00,0.011,No,No,Low
2026-01-29 14:32:05,0.007,No,No,Low
2026-01-29 14:32:10,0.001,No,No,Low
2026-01-29 14:32:14,0.016,No,No,Low
2026-01-29 14:32:19,0.0,Yes,No,Medium
2026-01-29 14:32:23,2.464,Yes,No,High
2026-01-29 14:32:29,0.68,Yes,No,High
2026-01-29 14:32:35,0.001,Yes,No,Medium
2026-01-29 14:32:40,0.004,Yes,No,Medium
2026-01-29 14:32:45,0.006,Yes,No,Medium
2026-01-29 14:32:49,0.001,Yes,No,Medium
2026-01-29 14:32:54,0.012,Yes,No,Medium
2026-01-29 14:32:59,0.006,Yes,No,Medium
2026-01-29 14:33:03,1.599,Yes,No,High
2026-01-29 14:33:09,1.512,Yes,No,High
2026-01-29 14:33:14,1.463,Yes,Yes,Critical
2026-01-29 14:33:44,1.979,Yes,Yes,Critical
2026-01-29 14:33:49,1.783,Yes,Yes,Critical
2026-01-29 14:33:53,0.391,Yes,Yes,Critical
2026-01-29 14:33:58,0.643,Yes,Yes,Critical
2026-01-29 14:34:02,0.261,Yes,Yes,Medium
2026-01-29 14:34:07,0.072,Yes,Yes,Medium
2026-01-29 14:34:11,2.464,Yes,No,High
2026-01-29 14:34:42,0.024,Yes,No,Medium
2026-01-29 14:34:47,0.041,Yes,No,Medium
2026-01-29 14:34:52,0.508,Yes,No,High
2026-01-29 14:34:57,0.692,Yes,No,High
2026-01-29 14:35:03,1.867,Yes,Yes,Critical
2026-01-29 14:35:33,0.076,Yes,Yes,Medium
2026-01-29 14:35:37,0.008,Yes,Yes,Medium
2026-01-29 14:35:42,0.312,Yes,No,High
2026-01-29 14:36:12,0.275,Yes,No,Medium
2026-01-29 14:36:17,0.215,Yes,No,Medium
2026-01-29 14:36:22,0.053,Yes,No,Medium
2026-01-29 14:36:26,0.193,Yes,No,Medium
2026-01-29 14:36:31,0.864,Yes,No,High
2026-01-29 14:36:37,0.208,Yes,No,Medium
2026-01-29 14:36:41,0.463,Yes,No,High
2026-01-29 14:36:47,0.476,Yes,No,High
2026-01-29 14:36:52,1.644,Yes,Yes,Critical
2026-01-29 14:37:22,0.49,Yes,Yes,Critical
2026-01-29 14:37:27,1.057,Yes,Yes,Critical
2026-01-29 14:37:31,1.231,Yes,Yes,Critical
2026-01-29 14:37:36,2.464,Yes,Yes,Critical
2026-01-29 14:37:40,2.34,Yes,Yes,Critical
2026-01-29 14:37:45,1.898,Yes,Yes,Critical
2026-01-29 14:37:50,0.638,Yes,Yes,Critical
2026-01-29 14:37:54,2.265,Yes,Yes,Critical
2026-01-29 14:37:59,2.464,Yes,Yes,Critical
2026-01-29 14:38:03,0.253,Yes,Yes,Medium
2026-01-29 14:38:08,0.007,Yes,Yes,Medium
2026-01-29 14:38:13,1.397,Yes,No,High
2026-01-29 14:38:44,1.397,Yes,No,High
2026-01-29 14:38:49,1.397,Yes,Yes,Critical
2026-01-29 14:39:19,0.014,Yes,Yes,Medium
2026-01-29 14:39:24,0.118,Yes,Yes,Medium
2026-01-29 14:39:28,0.038,Yes,Yes,Medium
2026-01-29 14:39:33,0.003,Yes,Yes,Medium
2026-01-29 14:39:38,0.124,Yes,Yes,Medium
2026-01-29 14:39:43,0.271,Yes,Yes,Medium
2026-01-29 14:39:47,0.017,Yes,Yes,Medium
2026-01-29 14:39:52,0.013,Yes,Yes,Medium
2026-01-29 14:39:57,0.026,Yes,Yes,Medium
2026-01-29 14:40:01,0.007,Yes,Yes,Medium
2026-01-29 14:40:06,0.003,No,No,Low
2026-01-29 14:40:36,2.464,No,No,High
2026-01-29 14:40:42,0.231,No,No,Medium
2026-01-29 14:40:46,0.219,No,No,Medium
2026-01-29 14:40:51,2.464,No,No,High
2026-01-29 14:40:57,0.085,No,No,Low
2026-01-29 14:41:01,0.085,No,No,Low
2026-01-29 14:41:06,0.052,No,No,Low
2026-01-29 14:41:11,0.005,No,No,Low
2026-01-29 14:41:15,0.006,No,No,Low
2026-01-29 14:41:20,0.008,No,No,Low
2026-01-29 14:41:25,0.241,No,No,Medium
2026-01-29 14:41:30,0.024,No,No,Low
2026-01-29 14:41:34,0.004,No,No,Low
2026-01-29 14:41:39,0.224,No,No,Medium
Unknown,0.008,No,No,Low
2026-01-29 14:42:01,0.011,No,No,Low
2026-01-29 14:42:06,0.038,No,No,Low
2026-01-29 14:42:10,0.005,No,No,Low
2026-01-29 14:42:15,0.002,No,No,Low
Unknown,0.01,No,No,Low
2026-01-29 14:42:36,0.022,No,No,Low
2026-01-29 14:42:40,0.004,No,No,Low
2026-01-29 14:42:45,0.069,No,No,Low
2026-01-29 14:42:50,0.012,No,No,Low
2026-01-29 14:42:55,0.016,No,No,Low
2026-01-29 14:43:00,0.014,No,No,Low
2026-01-29 14:43:04,0.01,No,No,Low
2026-01-29 14:43:09,0.012,No,No,Low
2026-01-29 14:43:14,0.018,No,No,Low
2026-01-29 14:43:18,0.01,No,No,Low
2026-01-29 14:43:23,0.013,No,No,Low
Unknown,0.016,No,No,Low
Unknown,0.014,No,No,Low
Unknown,0.007,Yes,No,Medium
Unknown,0.016,Yes,No,Medium
Unknown,0.009,Yes,No,Medium
2026-01-29 14:44:32,0.205,Yes,No,Medium
2026-01-29 14:44:37,0.002,Yes,No,Medium
2026-01-29 14:44:42,0.008,Yes,No,Medium
2026-01-29 14:44:51,0.005,Yes,No,Medium
2026-01-29 14:44:56,0.006,Yes,No,Medium
2026-01-29 14:45:00,0.008,Yes,No,Medium
2026-01-29 14:45:05,0.004,Yes,No,Medium
2026-01-29 14:45:10,0.013,Yes,No,Medium
2026-01-29 14:45:14,0.008,Yes,No,Medium
2026-01-29 14:45:19,0.05,Yes,No,Medium
2026-01-29 14:45:24,0.055,Yes,No,Medium
2026-01-29 14:45:29,0.004,Yes,No,Medium
2026-01-29 14:45:33,0.004,Yes,No,Medium
2026-01-29 14:45:38,0.001,Yes,No,Medium
2026-01-29 14:45:42,0.007,Yes,No,Medium
Unknown,0.06,Yes,No,Medium
2026-01-29 14:46:05,0.009,Yes,No,Medium
2026-01-29 14:46:10,0.033,No,No,Low
2026-01-29 14:46:15,0.001,No,No,Low
2026-01-29 14:46:19,1.713,No,No,High
2026-01-29 14:46:25,0.246,No,No,Medium
2026-01-29 14:46:29,0.578,No,No,High
2026-01-29 14:46:35,0.021,No,No,Low
2026-01-29 14:46:40,0.97,No,No,High
2026-01-29 14:46:45,0.832,No,No,High
2026-01-29 14:53:12,0.018,No,No,Low
2026-01-29 14:53:17,0.018,No,No,Low
2026-01-29 14:53:22,0.018,No,No,Low
2026-01-29 14:53:26,0.017,No,No,Low
2026-01-29 14:53:31,0.018,No,No,Low
2026-01-29 14:53:35,0.021,No,No,Low
2026-01-29 14:53:40,0.008,No,No,Low
2026-01-29 14:53:45,0.036,No,No,Low
2026-01-29 14:53:49,0.02,No,No,Low
2026-01-29 14:53:54,0.016,No,No,Low
2026-01-29 14:53:58,0.019,No,No,Low
2026-01-29 14:54:03,0.023,No,No,Low
2026-01-29 14:54:08,0.017,No,No,Low
2026-01-29 14:54:12,0.012,No,No,Low
2026-01-29 14:54:17,0.015,No,No,Low
2026-01-29 14:54:21,0.019,No,No,Low
2026-01-29 14:54:26,0.017,No,No,Low
2026-01-29 14:54:30,0.013,No,No,Low
2026-01-29 14:54:35,0.023,No,No,Low
2026-01-29 14:54:39,0.022,No,No,Low
2026-01-29 14:54:44,0.015,No,No,Low
2026-01-29 14:54:48,0.047,No,No,Low
2026-01-29 14:54:53,0.016,Yes,No,Medium
2026-01-29 14:54:58,0.025,Yes,No,Medium
2026-01-29 14:55:02,0.018,Yes,No,Medium
2026-01-29 14:55:07,0.018,Yes,No,Medium
2026-01-29 14:55:12,0.02,Yes,No,Medium
2026-01-29 14:55:16,0.02,Yes,No,Medium
2026-01-29 14:55:21,0.012,Yes,No,Medium
2026-01-29 14:55:26,0.019,Yes,No,Medium
2026-01-29 14:55:31,0.014,Yes,No,Medium
2026-01-29 14:55:35,0.018,Yes,No,Medium
2026-01-29 14:55:40,0.018,Yes,No,Medium
2026-01-29 14:55:44,0.024,Yes,No,Medium
2026-01-29 14:55:49,0.017,Yes,No,Medium
2026-01-29 14:55:54,0.018,Yes,No,Medium
2026-01-29 14:55:58,0.016,Yes,No,Medium
2026-01-29 14:56:03,0.021,Yes,No,Medium
2026-01-29 14:56:08,0.02,Yes,No,Medium
2026-01-29 14:56:12,0.016,Yes,No,Medium
2026-01-29 14:56:17,0.024,Yes,No,Medium
2026-01-29 14:56:21,0.017,Yes,No,Medium
2026-01-29 14:56:26,0.021,Yes,No,Medium
2026-01-29 14:56:30,0.018,Yes,No,Medium
2026-01-29 14:56:35,0.014,Yes,No,Medium
2026-01-29 14:56:40,0.026,Yes,No,Medium
2026-01-29 14:56:45,0.021,Yes,No,Medium
2026-01-29 14:56:49,0.013,Yes,No,Medium
2026-01-29 14:56:54,0.018,Yes,No,Medium
2026-01-29 14:57:00,0.019,Yes,No,Medium
2026-01-29 14:57:05,0.018,Yes,No,Medium
2026-01-29 14:57:09,0.018,Yes,No,Medium
2026-01-29 14:57:14,0.024,Yes,No,Medium
2026-01-29 14:57:18,0.023,Yes,No,Medium
2026-01-29 14:57:23,0.016,Yes,No,Medium
2026-01-29 14:57:28,0.018,Yes,No,Medium
2026-01-29 14:57:32,0.015,Yes,No,Medium
2026-01-29 14:57:37,0.02,Yes,No,Medium
2026-01-29 14:57:42,0.021,Yes,No,Medium
2026-01-29 14:57:46,0.355,Yes,No,High
2026-01-29 14:57:52,0.615,Yes,No,High
2026-01-29 14:57:58,2.087,Yes,Yes,Critical
2026-01-29 14:58:27,0.675,Yes,Yes,Critical
2026-01-29 14:58:32,1.383,Yes,Yes,Critical
2026-01-29 14:58:38,0.076,Yes,Yes,Medium
2026-01-29 14:58:43,1.3,Yes,No,High
2026-01-29 14:59:13,0.62,Yes,No,High
2026-01-29 14:59:19,1.019,Yes,Yes,Critical
2026-01-29 14:59:48,0.281,Yes,Yes,Medium
2026-01-29 14:59:54,0.019,Yes,Yes,Medium
2026-01-29 14:59:59,0.014,Yes,Yes,Medium
2026-01-29 15:00:04,0.021,Yes,Yes,Medium
2026-01-29 15:00:09,0.021,Yes,Yes,Medium
2026-01-29 15:00:14,0.021,Yes,Yes,Medium
2026-01-29 15:00:19,0.02,Yes,Yes,Medium
2026-01-29 15:00:24,0.026,Yes,Yes,Medium
2026-01-29 15:00:29,0.022,Yes,Yes,Medium
2026-01-29 15:00:35,0.021,Yes,Yes,Medium
2026-01-29 15:00:40,0.018,Yes,Yes,Medium
2026-01-29 15:00:44,0.102,Yes,Yes,Medium
2026-01-29 15:00:49,0.995,Yes,No,High
2026-01-29 15:01:20,0.601,Yes,No,High
2026-01-29 15:01:26,2.128,Yes,Yes,Critical
2026-01-29 15:01:56,0.101,Yes,Yes,Medium
2026-01-29 15:02:00,0.026,Yes,Yes,Medium
2026-01-29 15:02:05,0.02,Yes,Yes,Medium
2026-01-29 15:02:10,0.024,Yes,Yes,Medium
2026-01-29 15:02:14,0.02,Yes,Yes,Medium
2026-01-29 15:02:19,0.722,Yes,No,High
2026-01-29 15:02:50,0.468,Yes,No,High
2026-01-29 15:02:55,0.255,Yes,No,Medium
2026-01-29 15:03:00,0.273,Yes,No,Medium
2026-01-29 15:03:05,0.175,Yes,No,Medium
2026-01-29 15:03:10,0.65,Yes,No,High
2026-01-29 15:03:15,0.286,Yes,No,Medium
2026-01-29 15:03:22,0.133,Yes,No,Medium
2026-01-29 15:03:27,1.311,Yes,No,High
2026-01-29 15:03:32,1.273,Yes,No,High
2026-01-29 15:03:38,0.132,Yes,No,Medium
2026-01-29 15:03:43,0.087,Yes,No,Medium
2026-01-29 15:03:47,0.022,Yes,No,Medium
2026-01-29 15:03:52,0.027,Yes,No,Medium
2026-01-29 15:03:57,1.103,Yes,No,High
2026-01-29 15:04:04,0.348,Yes,No,High
2026-01-29 15:04:12,0.142,Yes,No,Medium
2026-01-29 15:04:17,0.022,Yes,No,Medium
2026-01-29 15:04:22,0.137,Yes,No,Medium
2026-01-29 15:04:26,0.093,Yes,No,Medium
2026-01-29 15:04:31,0.022,Yes,No,Medium
2026-01-29 15:04:36,0.042,Yes,No,Medium
2026-01-29 15:04:41,0.77,Yes,No,High
2026-01-29 15:04:46,1.83,Yes,No,High
2026-01-29 15:04:53,0.185,Yes,No,Medium
2026-01-29 15:04:58,0.029,Yes,No,Medium
2026-01-29 15:05:03,1.211,Yes,No,High
2026-01-29 15:05:08,0.168,Yes,No,Medium
2026-01-29 15:05:13,0.421,Yes,No,High
2026-01-29 15:05:19,0.023,Yes,No,Medium
2026-01-29 15:05:24,0.022,Yes,No,Medium
2026-01-29 15:05:29,2.464,Yes,No,High
2026-01-29 15:05:34,0.853,Yes,No,High
2026-01-29 15:05:40,0.062,Yes,No,Medium
2026-01-29 15:05:46,0.658,Yes,No,High
2026-01-29 15:05:51,0.283,Yes,No,Medium
2026-01-29 15:05:57,0.719,Yes,No,High
2026-01-29 15:06:03,0.121,Yes,No,Medium
2026-01-29 15:06:08,0.325,Yes,No,High
2026-01-29 15:06:15,0.275,Yes,No,Medium
2026-01-29 15:06:20,0.758,Yes,No,High
2026-01-29 15:06:25,0.571,Yes,No,High
2026-01-29 15:06:31,0.401,Yes,Yes,Critical
2026-01-29 15:07:01,0.021,Yes,Yes,Medium
2026-01-29 15:07:06,0.021,Yes,Yes,Medium
2026-01-29 15:07:11,0.019,Yes,Yes,Medium
2026-01-29 15:07:16,0.029,Yes,Yes,Medium
2026-01-29 15:07:20,0.03,Yes,Yes,Medium
2026-01-29 15:07:25,0.023,Yes,Yes,Medium
2026-01-29 15:07:30,0.023,Yes,Yes,Medium
2026-01-29 15:07:35,0.022,Yes,Yes,Medium
2026-01-29 15:07:39,0.026,Yes,Yes,Medium
2026-01-29 15:07:44,0.026,Yes,Yes,Medium
2026-01-29 15:07:48,0.697,Yes,No,High
2026-01-29 15:08:19,0.507,Yes,No,High
2026-01-29 15:08:25,0.639,Yes,Yes,Critical
2026-01-29 15:08:54,0.026,Yes,Yes,Medium
2026-01-29 15:08:59,0.732,Yes,No,High
2026-01-29 15:09:30,0.534,Yes,No,High
2026-01-29 15:09:35,0.867,Yes,Yes,Critical
2026-01-29 15:10:05,0.027,Yes,Yes,Medium
2026-01-29 15:10:10,0.025,Yes,Yes,Medium
2026-01-29 15:10:15,0.022,Yes,Yes,Medium
2026-01-29 15:10:19,0.206,Yes,Yes,Medium
2026-01-29 15:10:24,0.266,Yes,Yes,Medium
2026-01-29 15:10:29,0.252,Yes,Yes,Medium
2026-01-29 15:10:33,0.136,Yes,Yes,Medium
2026-01-29 15:10:38,1.982,Yes,No,High
2026-01-29 15:11:08,0.902,Yes,No,High
2026-01-29 15:11:14,0.629,Yes,Yes,Critical
2026-01-29 15:11:44,0.021,Yes,Yes,Medium
2026-01-29 15:11:48,0.022,Yes,Yes,Medium
2026-01-29 15:11:53,0.021,Yes,Yes,Medium
2026-01-29 15:11:58,0.473,Yes,No,High
2026-01-29 15:12:28,0.243,Yes,No,Medium
2026-01-29 15:12:33,0.034,Yes,No,Medium
2026-01-29 15:12:38,0.221,Yes,No,Medium
2026-01-29 15:12:42,0.051,Yes,No,Medium
2026-01-29 15:12:47,0.279,Yes,No,Medium
2026-01-29 15:12:52,0.629,Yes,No,High
2026-01-29 15:12:57,0.736,Yes,No,High
2026-01-29 15:13:03,0.357,Yes,Yes,Critical
2026-01-29 15:13:32,0.021,Yes,Yes,Medium
2026-01-29 15:13:37,0.027,Yes,Yes,Medium
2026-01-29 15:13:42,0.02,Yes,Yes,Medium
2026-01-29 15:13:46,0.02,Yes,Yes,Medium
2026-01-29 15:13:51,0.022,Yes,Yes,Medium
2026-01-29 15:13:56,0.023,Yes,Yes,Medium
2026-01-29 15:14:00,0.425,Yes,No,High
2026-01-29 15:14:31,0.877,Yes,No,High
2026-01-29 15:14:37,0.613,Yes,Yes,Critical
2026-01-29 15:15:07,0.023,Yes,Yes,Medium
2026-01-29 15:15:12,0.022,Yes,Yes,Medium
2026-01-29 15:15:17,0.018,Yes,Yes,Medium
2026-01-29 15:15:21,0.027,Yes,Yes,Medium
2026-01-29 15:15:26,0.202,Yes,Yes,Medium
2026-01-29 15:15:31,1.901,Yes,No,High
2026-01-29 15:16:02,2.464,Yes,No,High
2026-01-29 15:16:07,1.67,Yes,Yes,Critical
2026-01-29 15:16:37,0.023,Yes,Yes,Medium
2026-01-29 15:16:42,0.965,Yes,No,High
2026-01-29 15:17:12,0.58,Yes,No,High
2026-01-29 15:17:18,0.148,Yes,No,Medium
2026-01-29 15:17:23,0.106,Yes,No,Medium
2026-01-29 15:17:27,0.367,Yes,No,High
2026-01-29 15:17:33,0.899,Yes,No,High
2026-01-29 15:17:39,0.135,Yes,No,Medium
2026-01-29 15:17:44,0.24,Yes,No,Medium
2026-01-29 15:17:48,1.118,Yes,No,High
2026-01-29 15:17:54,0.283,Yes,No,Medium
2026-01-29 15:17:59,1.269,Yes,No,High
2026-01-29 15:18:04,1.021,Yes,No,High
2026-01-29 15:18:10,0.242,Yes,No,Medium
2026-01-29 15:18:14,0.108,Yes,No,Medium
2026-01-29 15:18:19,0.138,Yes,No,Medium
2026-01-29 15:18:24,0.315,Yes,No,High
2026-01-29 15:18:29,0.092,Yes,No,Medium
2026-01-29 15:18:34,0.382,Yes,No,High
2026-01-29 15:18:40,1.233,Yes,No,High
2026-01-29 15:18:45,1.065,Yes,Yes,Critical
2026-01-29 15:19:15,0.026,Yes,Yes,Medium
2026-01-29 15:19:20,0.025,Yes,Yes,Medium
2026-01-29 15:19:24,0.663,Yes,No,High
2026-01-29 15:19:55,2.464,Yes,No,High
2026-01-29 15:20:00,1.034,Yes,Yes,Critical
2026-01-29 15:20:30,0.028,Yes,Yes,Medium
2026-01-29 15:20:35,0.016,Yes,Yes,Medium
2026-01-29 15:20:40,0.31,Yes,No,High
2026-01-29 15:21:11,2.464,Yes,No,High
2026-01-29 15:21:16,0.005,Yes,No,Medium
2026-01-29 15:21:21,1.039,Yes,No,High
2026-01-29 15:21:26,1.625,Yes,No,High
2026-01-29 15:22:02,0.027,Yes,Yes,Medium
2026-01-29 15:22:06,1.897,Yes,No,High
2026-01-29 15:22:37,2.464,Yes,No,High
2026-01-29 15:22:45,2.107,Yes,Yes,Critical
2026-01-29 15:23:15,0.028,Yes,Yes,Medium
2026-01-29 15:23:20,0.031,Yes,Yes,Medium
2026-01-29 15:23:25,0.03,Yes,Yes,Medium
2026-01-29 15:23:30,1.747,Yes,No,High
2026-01-29 15:24:00,1.447,Yes,No,High
2026-01-29 15:24:06,0.134,Yes,No,Medium
2026-01-29 15:24:11,0.448,Yes,No,High
2026-01-29 15:24:16,0.451,Yes,No,High
2026-01-29 15:24:22,0.525,Yes,Yes,Critical
2026-01-29 15:24:51,0.025,Yes,Yes,Medium
2026-01-29 15:24:56,0.36,Yes,No,High
2026-01-29 15:25:27,0.237,Yes,No,Medium
2026-01-29 15:25:31,0.179,Yes,No,Medium
2026-01-29 15:25:36,1.458,Yes,No,High
2026-01-29 15:25:41,1.581,Yes,No,High
2026-01-29 15:25:47,0.474,Yes,Yes,Critical
2026-01-29 15:26:17,0.024,Yes,Yes,Medium
2026-01-29 15:26:21,0.029,Yes,Yes,Medium
2026-01-29 15:26:26,1.87,Yes,No,High
2026-01-29 15:26:57,0.045,Yes,No,Medium
2026-01-29 15:27:01,0.049,Yes,No,Medium
2026-01-29 15:27:06,1.641,Yes,No,High
2026-01-29 15:27:12,0.043,Yes,No,Medium
2026-01-29 15:27:17,0.29,Yes,No,Medium
2026-01-29 15:27:21,0.102,Yes,No,Medium
2026-01-29 15:27:26,1.926,Yes,No,High
2026-01-29 15:27:32,0.393,Yes,No,High
2026-01-29 15:27:38,2.464,Yes,Yes,Critical
2026-01-29 15:28:07,0.028,Yes,Yes,Medium
2026-01-29 15:28:12,0.032,Yes,Yes,Medium
2026-01-29 15:28:16,0.03,Yes,Yes,Medium
2026-01-29 15:28:21,0.024,Yes,Yes,Medium
2026-01-29 15:28:26,0.801,Yes,No,High
2026-01-29 15:28:56,0.883,Yes,No,High
2026-01-29 15:29:01,0.21,Yes,No,Medium
2026-01-29 15:29:06,0.181,Yes,No,Medium
2026-01-29 15:29:11,0.48,Yes,No,High
2026-01-29 15:29:16,0.183,Yes,No,Medium
2026-01-29 15:29:21,0.158,Yes,No,Medium
2026-01-29 15:29:26,1.488,Yes,No,High
2026-01-29 15:29:31,0.274,Yes,No,Medium
2026-01-29 15:29:36,0.205,Yes,No,Medium
2026-01-29 15:29:41,0.045,Yes,No,Medium
2026-01-29 15:29:46,0.224,Yes,No,Medium
2026-01-29 15:29:51,0.54,Yes,No,High
2026-01-29 15:29:56,2.128,Yes,No,High
2026-01-29 15:30:02,0.118,Yes,No,Medium
2026-01-29 15:30:07,0.045,Yes,No,Medium
2026-01-29 15:30:11,0.392,Yes,No,High
2026-01-29 15:30:17,0.236,Yes,No,Medium
2026-01-29 15:30:21,0.207,Yes,No,Medium
2026-01-29 15:30:26,0.684,Yes,No,High
2026-01-29 15:30:32,0.062,Yes,No,Medium
2026-01-29 15:30:36,0.907,Yes,No,High
2026-01-29 15:30:42,1.133,Yes,No,High
2026-01-29 15:30:47,0.357,Yes,Yes,Critical
2026-01-29 15:31:17,0.028,Yes,Yes,Medium
2026-01-29 15:31:22,0.02,Yes,Yes,Medium
2026-01-29 15:31:26,0.537,Yes,No,High
2026-01-29 15:31:57,2.464,Yes,No,High
2026-01-29 15:32:02,0.29,Yes,No,Medium
2026-01-29 15:32:07,0.165,Yes,No,Medium
2026-01-29 15:32:12,0.777,Yes,No,High
2026-01-29 15:32:17,0.208,Yes,No,Medium
2026-01-29 15:32:22,1.969,Yes,No,High
2026-01-29 15:32:27,0.252,Yes,No,Medium
2026-01-29 15:32:32,0.105,Yes,No,Medium
2026-01-29 15:32:37,0.492,Yes,No,High
2026-01-29 15:32:42,2.464,Yes,No,High
2026-01-29 15:32:48,1.038,Yes,Yes,Critical
2026-01-29 15:33:18,0.031,Yes,Yes,Medium
2026-01-29 15:33:23,0.029,Yes,Yes,Medium
2026-01-29 15:33:27,0.028,Yes,Yes,Medium
2026-01-29 15:33:32,0.026,Yes,Yes,Medium
2026-01-29 15:33:37,0.029,Yes,Yes,Medium
2026-01-29 15:33:41,0.028,Yes,Yes,Medium
2026-01-29 15:33:46,0.03,Yes,Yes,Medium
2026-01-29 15:33:51,0.939,Yes,No,High
2026-01-29 15:34:21,0.531,Yes,No,High
2026-01-29 15:34:27,0.175,Yes,No,Medium
2026-01-29 15:34:31,0.746,Yes,No,High
2026-01-29 15:34:37,0.131,Yes,No,Medium
2026-01-29 15:34:42,0.119,Yes,No,Medium
2026-01-29 15:34:46,0.123,Yes,No,Medium
2026-01-29 15:34:51,2.464,Yes,No,High
2026-01-29 15:34:56,0.335,Yes,No,High
2026-01-29 15:35:02,0.299,Yes,No,Medium
2026-01-29 15:35:06,0.654,Yes,No,High
2026-01-29 15:35:12,1.357,Yes,No,High
2026-01-29 15:35:17,0.297,Yes,No,Medium
2026-01-29 15:35:22,0.817,Yes,No,High
2026-01-29 15:35:28,0.148,Yes,No,Medium
2026-01-29 15:35:32,0.971,Yes,No,High
2026-01-29 15:35:38,0.3,Yes,No,High
2026-01-29 15:35:43,0.97,Yes,Yes,Critical
2026-01-29 15:36:13,0.017,Yes,Yes,Medium
2026-01-29 15:36:18,0.025,Yes,Yes,Medium
2026-01-29 15:36:23,1.193,Yes,No,High
2026-01-29 15:36:54,0.037,Yes,No,Medium
2026-01-29 15:36:58,0.032,Yes,No,Medium
2026-01-29 15:37:03,0.147,Yes,No,Medium
2026-01-29 15:37:08,1.828,Yes,No,High
2026-01-29 15:37:13,0.637,Yes,No,High
2026-01-29 15:37:19,0.329,Yes,Yes,Critical
2026-01-29 15:37:48,0.028,Yes,Yes,Medium
2026-01-29 15:37:53,0.408,Yes,No,High
2026-01-29 15:38:24,2.464,Yes,No,High
2026-01-29 15:38:29,1.828,Yes,Yes,Critical
2026-01-29 15:38:59,0.023,Yes,Yes,Medium
2026-01-29 15:39:03,0.026,Yes,Yes,Medium
2026-01-29 15:39:08,0.025,Yes,Yes,Medium
2026-01-29 15:39:13,0.029,Yes,Yes,Medium
2026-01-29 15:39:17,0.02,Yes,Yes,Medium
2026-01-29 15:39:22,0.026,Yes,Yes,Medium
2026-01-29 15:39:27,0.031,Yes,Yes,Medium
2026-01-29 15:39:31,0.026,Yes,Yes,Medium
2026-01-29 15:39:36,0.046,Yes,Yes,Medium
2026-01-29 15:39:41,0.047,No,No,Low
2026-01-29 15:40:11,0.019,No,No,Low
2026-01-29 15:40:15,0.031,No,No,Low
2026-01-29 15:40:20,0.039,No,No,Low
2026-01-29 15:40:25,0.022,No,No,Low
2026-01-29 15:40:29,0.023,No,No,Low
2026-01-29 15:40:34,0.025,No,No,Low
2026-01-29 15:40:39,0.027,No,No,Low
2026-01-29 15:40:43,0.03,No,No,Low
2026-01-29 15:40:47,0.014,No,No,Low
2026-01-29 15:40:52,0.033,No,No,Low
2026-01-29 15:40:57,0.021,No,No,Low
2026-01-29 15:41:01,0.035,No,No,Low
2026-01-29 15:41:06,0.035,No,No,Low
2026-01-29 15:41:10,0.03,No,No,Low
2026-01-29 15:41:18,0.021,No,No,Low
2026-01-29 15:41:23,0.028,No,No,Low
2026-01-29 15:41:28,0.03,No,No,Low
2026-01-29 15:41:32,0.024,No,No,Low
2026-01-29 15:41:37,0.04,No,No,Low
2026-01-29 15:41:42,0.033,No,No,Low
2026-01-29 15:41:47,0.034,No,No,Low
2026-01-29 15:41:51,0.003,No,No,Low
2026-01-29 15:41:56,0.016,No,No,Low
2026-01-29 15:42:00,0.04,No,No,Low
2026-01-29 15:42:05,0.032,No,No,Low
2026-01-29 15:42:09,0.031,No,No,Low
2026-01-29 15:42:14,0.027,No,No,Low
2026-01-29 15:42:19,0.045,No,No,Low
2026-01-29 15:42:23,0.019,No,No,Low
2026-01-29 15:42:28,0.037,No,No,Low
2026-01-29 15:42:33,0.018,No,No,Low
2026-01-29 15:42:37,0.02,No,No,Low
2026-01-29 15:42:42,0.026,No,No,Low
2026-01-29 15:42:46,0.035,No,No,Low
2026-01-29 15:42:52,0.023,No,No,Low
2026-01-29 15:42:56,0.025,No,No,Low
2026-01-29 15:43:01,0.025,No,No,Low
2026-01-29 15:43:05,0.025,No,No,Low
2026-01-29 15:43:10,0.028,No,No,Low
2026-01-29 15:43:14,0.023,No,No,Low
2026-01-29 15:43:19,0.004,No,No,Low
2026-01-29 15:43:24,0.027,No,No,Low
2026-01-29 15:43:29,0.025,No,No,Low
2026-01-29 15:43:34,0.046,No,No,Low
2026-01-29 15:43:39,0.036,No,No,Low
2026-01-29 15:43:43,0.026,No,No,Low
2026-01-29 15:43:48,0.035,No,No,Low
2026-01-29 15:43:53,0.035,No,No,Low
2026-01-29 15:43:58,0.031,No,No,Low
2026-01-29 15:44:02,0.021,No,No,Low
2026-01-29 15:44:07,0.031,No,No,Low
2026-01-29 15:44:11,0.026,No,No,Low
2026-01-29 15:44:16,0.027,No,No,Low
2026-01-29 15:44:21,0.028,No,No,Low
2026-01-29 15:44:27,0.025,No,No,Low
2026-01-29 15:44:35,0.035,No,No,Low
2026-01-29 15:44:40,0.016,No,No,Low
2026-01-29 15:44:45,0.026,No,No,Low
2026-01-29 15:44:49,0.036,No,No,Low
2026-01-29 15:44:54,0.036,No,No,Low
2026-01-29 15:44:58,0.033,No,No,Low
2026-01-29 15:45:03,0.027,No,No,Low
2026-01-29 15:45:07,0.031,No,No,Low
2026-01-29 15:45:12,0.029,No,No,Low
2026-01-29 15:45:17,0.024,No,No,Low
2026-01-29 15:45:21,0.025,No,No,Low
2026-01-29 15:45:26,0.034,No,No,Low
2026-01-29 15:45:30,0.032,No,No,Low
2026-01-29 15:45:35,0.022,No,No,Low
2026-01-29 15:45:39,0.017,No,No,Low
2026-01-29 15:45:44,0.022,No,No,Low
2026-01-29 15:45:48,0.056,No,No,Low
2026-01-29 15:45:53,0.024,No,No,Low
2026-01-29 15:45:58,0.036,No,No,Low
2026-01-29 15:46:03,0.038,No,No,Low
2026-01-29 15:46:07,0.038,No,No,Low
2026-01-29 15:46:12,0.041,No,No,Low
2026-01-29 15:46:17,0.024,No,No,Low
2026-01-29 15:46:21,0.032,No,No,Low
2026-01-29 15:46:26,0.024,No,No,Low
2026-01-29 15:46:32,0.025,No,No,Low
2026-01-29 15:46:37,0.032,No,No,Low
2026-01-29 15:46:41,0.027,No,No,Low
2026-01-29 15:46:46,0.023,No,No,Low
2026-01-29 15:46:51,0.026,No,No,Low
2026-01-29 15:46:55,0.031,No,No,Low
2026-01-29 15:47:00,0.027,No,No,Low
2026-01-29 15:47:04,0.031,No,No,Low
2026-01-29 15:47:09,0.037,No,No,Low
2026-01-29 15:47:13,0.037,No,No,Low
2026-01-29 15:47:18,0.025,No,No,Low
2026-01-29 15:47:22,0.034,No,No,Low
2026-01-29 15:47:27,0.018,No,No,Low
2026-01-29 15:47:32,0.033,No,No,Low
2026-01-29 15:47:36,0.013,No,No,Low
2026-01-29 15:47:41,0.028,No,No,Low
2026-01-29 15:47:45,0.053,No,No,Low
2026-01-29 15:47:50,0.01,No,No,Low
2026-01-29 15:47:54,0.033,No,No,Low
2026-01-29 15:47:59,0.02,No,No,Low
2026-01-29 15:48:04,0.028,No,No,Low
2026-01-29 15:48:08,0.046,No,No,Low
2026-01-29 15:48:12,0.032,No,No,Low
2026-01-29 15:48:17,0.015,No,No,Low
2026-01-29 15:48:22,0.028,No,No,Low
2026-01-29 15:48:26,0.031,No,No,Low
2026-01-29 15:48:31,0.022,No,No,Low
2026-01-29 15:48:35,0.023,No,No,Low
2026-01-29 15:48:40,0.02,No,No,Low
2026-01-29 15:48:44,0.019,No,No,Low
2026-01-29 15:48:49,0.021,No,No,Low
2026-01-29 15:48:53,0.025,No,No,Low
2026-01-29 15:48:58,0.039,No,No,Low
2026-01-29 15:49:03,0.038,No,No,Low
2026-01-29 15:49:07,0.026,No,No,Low
2026-01-29 15:49:12,0.026,No,No,Low
2026-01-29 15:49:17,0.028,No,No,Low
2026-01-29 15:49:21,0.025,No,No,Low
2026-01-29 15:49:26,0.035,No,No,Low
2026-01-29 15:49:34,0.025,No,No,Low
2026-01-29 15:49:39,0.038,No,No,Low
2026-01-29 15:49:43,0.027,No,No,Low
2026-01-29 15:49:48,0.027,No,No,Low
2026-01-29 15:49:53,0.012,No,No,Low
2026-01-29 15:49:58,0.023,No,No,Low
2026-01-29 15:50:03,0.03,No,No,Low
2026-01-29 15:50:08,0.034,No,No,Low
2026-01-29 15:50:13,0.033,No,No,Low
2026-01-29 15:50:20,0.029,No,No,Low
2026-01-29 15:50:25,0.028,No,No,Low
2026-01-29 15:50:30,0.026,No,No,Low
2026-01-29 15:50:34,0.023,No,No,Low
2026-01-29 15:50:39,0.033,No,No,Low
2026-01-29 15:50:43,0.027,No,No,Low
2026-01-29 15:50:48,0.026,No,No,Low
2026-01-29 15:50:52,0.027,No,No,Low
2026-01-29 15:50:57,0.027,No,No,Low
2026-01-29 15:51:01,0.035,No,No,Low
2026-01-29 15:51:06,0.039,No,No,Low
2026-01-29 15:51:11,0.035,No,No,Low
2026-01-29 15:51:15,0.034,No,No,Low
2026-01-29 15:51:20,0.03,No,No,Low
2026-01-29 15:51:24,0.031,No,No,Low
2026-01-29 15:51:29,0.026,No,No,Low
2026-01-29 15:51:33,0.019,No,No,Low
2026-01-29 15:51:38,0.018,No,No,Low
2026-01-29 15:51:43,0.024,No,No,Low
2026-01-29 15:51:47,0.022,No,No,Low
2026-01-29 15:51:52,0.013,No,No,Low
2026-01-29 15:51:56,0.036,No,No,Low
2026-01-29 15:52:01,0.037,No,No,Low
2026-01-29 15:52:05,0.029,No,No,Low
2026-01-29 15:52:10,0.025,No,No,Low
2026-01-29 15:52:15,0.022,No,No,Low
2026-01-29 15:52:19,0.026,No,No,Low
2026-01-29 15:52:23,0.016,No,No,Low
2026-01-29 15:52:28,0.017,No,No,Low
2026-01-29 15:52:33,0.023,No,No,Low
2026-01-29 15:52:37,0.021,No,No,Low
2026-01-29 15:52:42,0.032,No,No,Low
2026-01-29 15:52:46,0.032,No,No,Low
2026-01-29 15:52:51,0.032,No,No,Low
2026-01-29 15:52:55,0.015,No,No,Low
2026-01-29 15:53:00,0.027,No,No,Low
2026-01-29 15:53:04,0.042,No,No,Low
2026-01-29 15:53:09,0.024,No,No,Low
2026-01-29 15:53:13,0.015,No,No,Low
2026-01-29 15:53:18,0.032,No,No,Low
2026-01-29 15:53:22,0.018,No,No,Low
2026-01-29 15:53:27,0.029,No,No,Low
2026-01-29 15:53:31,0.016,No,No,Low
2026-01-29 15:53:36,0.03,No,No,Low
2026-01-29 15:53:40,0.031,No,No,Low
2026-01-29 15:53:45,0.022,No,No,Low
2026-01-29 15:53:50,0.025,No,No,Low
2026-01-29 15:53:54,0.031,No,No,Low
2026-01-29 15:53:59,0.037,No,No,Low
2026-01-29 15:54:03,0.035,No,No,Low
2026-01-29 15:54:08,0.035,No,No,Low
2026-01-29 15:54:12,0.021,No,No,Low
2026-01-29 15:54:17,0.025,No,No,Low
2026-01-29 15:54:22,0.029,No,No,Low
2026-01-29 15:54:26,0.015,No,No,Low
2026-01-29 15:54:31,0.028,No,No,Low
2026-01-29 15:54:38,0.054,No,No,Low
2026-01-29 15:54:43,0.031,No,No,Low
2026-01-29 15:54:47,0.038,No,No,Low
2026-01-29 15:54:52,0.025,No,No,Low
2026-01-29 15:54:56,0.036,No,No,Low
2026-01-29 15:55:01,0.018,No,No,Low
2026-01-29 15:55:05,0.025,No,No,Low
2026-01-29 15:55:10,0.039,No,No,Low
2026-01-29 15:55:15,0.023,No,No,Low
2026-01-29 15:55:23,0.027,No,No,Low
2026-01-29 15:55:27,0.026,No,No,Low
2026-01-29 15:55:32,0.034,No,No,Low
2026-01-29 15:55:37,0.027,No,No,Low
2026-01-29 15:55:42,0.039,No,No,Low
2026-01-29 15:55:46,0.029,No,No,Low
2026-01-29 15:55:51,0.038,No,No,Low
2026-01-29 15:55:55,0.029,No,No,Low
2026-01-29 15:56:00,0.024,No,No,Low
2026-01-29 15:56:04,0.028,No,No,Low
2026-01-29 15:56:09,0.023,No,No,Low
2026-01-29 15:56:13,0.037,No,No,Low
2026-01-29 15:56:18,0.034,No,No,Low
2026-01-29 15:56:22,0.033,No,No,Low
2026-01-29 15:56:27,0.024,No,No,Low
2026-01-29 15:56:31,0.036,No,No,Low
2026-01-29 15:56:36,0.029,No,No,Low
2026-01-29 15:56:41,0.018,No,No,Low
2026-01-29 15:56:45,0.022,No,No,Low
2026-01-29 15:56:51,0.03,No,No,Low
2026-01-29 15:56:55,0.014,No,No,Low
2026-01-29 15:57:00,0.03,No,No,Low
2026-01-29 15:57:04,0.026,No,No,Low
2026-01-29 15:57:09,0.03,No,No,Low
2026-01-29 15:57:13,0.031,No,No,Low
2026-01-29 15:57:18,0.025,No,No,Low
2026-01-29 15:57:22,0.041,No,No,Low
2026-01-29 15:57:27,0.028,No,No,Low
2026-01-29 15:57:32,0.018,No,No,Low
2026-01-29 15:57:36,0.026,No,No,Low
2026-01-29 15:57:41,0.04,No,No,Low
2026-01-29 15:57:45,0.017,No,No,Low
2026-01-29 15:57:50,0.023,No,No,Low
2026-01-29 15:57:54,0.005,No,No,Low
2026-01-29 15:57:59,0.04,No,No,Low
2026-01-29 15:58:03,0.02,No,No,Low
2026-01-29 15:58:08,0.044,No,No,Low
2026-01-29 15:58:12,0.04,No,No,Low
2026-01-29 15:58:17,0.03,No,No,Low
2026-01-29 15:58:21,0.038,No,No,Low
2026-01-29 15:58:26,0.035,No,No,Low
2026-01-29 15:58:31,0.03,No,No,Low
2026-01-29 15:58:37,0.036,No,No,Low
2026-01-29 15:58:42,0.036,No,No,Low
2026-01-29 15:58:47,0.037,No,No,Low
2026-01-29 15:58:52,0.024,No,No,Low
2026-01-29 15:58:56,0.034,No,No,Low
2026-01-29 15:59:01,0.028,No,No,Low
2026-01-29 15:59:05,0.028,No,No,Low
2026-01-29 15:59:10,0.028,No,No,Low
2026-01-29 15:59:16,0.04,No,No,Low
2026-01-29 15:59:21,0.039,No,No,Low
2026-01-29 15:59:27,0.029,No,No,Low
2026-01-29 15:59:32,0.038,No,No,Low
2026-01-29 15:59:36,0.015,No,No,Low
2026-01-29 15:59:41,0.029,No,No,Low
2026-01-29 15:59:45,0.05,No,No,Low
2026-01-29 15:59:50,0.025,No,No,Low
2026-01-29 15:59:54,0.031,No,No,Low
2026-01-29 15:59:59,0.03,No,No,Low
2026-01-29 16:00:03,0.033,No,No,Low
2026-01-29 16:00:08,0.028,No,No,Low
2026-01-29 16:00:12,0.016,No,No,Low
2026-01-29 16:00:17,0.035,No,No,Low
2026-01-29 16:00:22,0.03,No,No,Low
2026-01-29 16:00:26,0.034,No,No,Low
2026-01-29 16:00:31,0.028,No,No,Low
2026-01-29 16:00:35,0.015,No,No,Low
2026-01-29 16:00:40,0.028,No,No,Low
2026-01-29 16:00:45,0.041,No,No,Low
2026-01-29 16:00:49,0.02,No,No,Low
2026-01-29 16:00:54,0.035,No,No,Low
2026-01-29 16:00:58,0.022,No,No,Low
2026-01-29 16:01:03,0.023,No,No,Low
2026-01-29 16:01:09,0.026,No,No,Low
2026-01-29 16:01:14,0.014,No,No,Low
2026-01-29 16:01:18,0.034,No,No,Low
2026-01-29 16:01:23,0.031,No,No,Low
2026-01-29 16:01:27,0.03,No,No,Low
2026-01-29 16:01:32,0.025,No,No,Low
2026-01-29 16:01:37,0.029,No,No,Low
2026-01-29 16:01:41,0.025,No,No,Low
2026-01-29 16:01:45,0.022,No,No,Low
2026-01-29 16:01:50,0.027,No,No,Low
2026-01-29 16:01:55,0.044,No,No,Low
2026-01-29 16:01:59,0.025,No,No,Low
2026-01-29 16:02:04,0.032,No,No,Low
2026-01-29 16:02:08,0.032,No,No,Low
2026-01-29 16:02:13,0.027,No,No,Low
2026-01-29 16:02:17,0.029,No,No,Low
2026-01-29 16:02:22,0.031,No,No,Low
2026-01-29 16:02:26,0.031,No,No,Low
2026-01-29 16:02:31,0.03,No,No,Low
2026-01-29 16:02:35,0.024,No,No,Low
2026-01-29 16:02:40,0.028,No,No,Low
2026-01-29 16:02:45,0.027,No,No,Low
2026-01-29 16:02:49,0.026,No,No,Low
2026-01-29 16:02:54,0.027,No,No,Low
2026-01-29 16:02:58,0.028,No,No,Low
2026-01-29 16:03:03,0.027,No,No,Low
2026-01-29 16:03:07,0.025,No,No,Low
2026-01-29 16:03:12,0.028,No,No,Low
2026-01-29 16:03:16,0.024,No,No,Low
2026-01-29 16:03:21,0.033,No,No,Low
2026-01-29 16:03:25,0.029,No,No,Low
2026-01-29 16:03:30,0.03,No,No,Low
2026-01-29 16:03:34,0.026,No,No,Low
2026-01-29 16:03:39,0.03,No,No,Low
2026-01-29 16:03:44,0.027,No,No,Low
2026-01-29 16:03:48,0.024,No,No,Low
2026-01-29 16:03:53,0.022,No,No,Low
2026-01-29 16:03:57,0.032,No,No,Low
2026-01-29 16:04:02,0.028,No,No,Low
2026-01-29 16:04:06,0.029,No,No,Low
2026-01-29 16:04:11,0.025,No,No,Low
2026-01-29 16:04:15,0.034,No,No,Low
2026-01-29 16:04:20,0.029,No,No,Low
2026-01-29 16:04:24,0.035,No,No,Low
2026-01-29 16:04:29,0.023,No,No,Low
2026-01-29 16:04:34,0.028,No,No,Low
2026-01-29 16:04:38,0.034,No,No,Low
2026-01-29 16:04:43,0.029,No,No,Low
2026-01-29 16:04:47,0.027,No,No,Low
2026-01-29 16:04:52,0.027,No,No,Low
2026-01-29 16:04:56,0.022,No,No,Low
2026-01-29 16:05:01,0.028,No,No,Low
2026-01-29 16:05:05,0.03,No,No,Low
2026-01-29 16:05:10,0.028,No,No,Low
2026-01-29 16:05:14,0.029,No,No,Low
2026-01-29 16:05:19,0.026,No,No,Low
2026-01-29 16:05:23,0.029,No,No,Low
2026-01-29 16:05:28,0.031,No,No,Low
2026-01-29 16:05:32,0.029,No,No,Low
2026-01-29 16:05:37,0.026,No,No,Low
2026-01-29 16:05:41,0.026,No,No,Low
2026-01-29 16:05:46,0.029,No,No,Low
2026-01-29 16:05:50,0.03,No,No,Low
2026-01-29 16:05:55,0.034,No,No,Low
2026-01-29 16:05:59,0.023,No,No,Low
2026-01-29 16:06:04,0.032,No,No,Low
2026-01-29 16:06:08,0.029,No,No,Low
2026-01-29 16:06:13,0.028,No,No,Low
2026-01-29 16:06:17,0.026,No,No,Low
2026-01-29 16:06:22,0.03,No,No,Low
2026-01-29 16:06:26,0.042,No,No,Low
2026-01-29 16:06:31,0.032,Yes,No,Medium
2026-01-29 16:06:35,0.027,Yes,No,Medium
2026-01-29 16:06:40,0.033,Yes,No,Medium
2026-01-29 16:06:45,0.023,Yes,No,Medium
2026-01-29 16:06:49,0.027,Yes,No,Medium
2026-01-29 16:06:54,0.027,Yes,No,Medium
2026-01-29 16:06:59,0.031,Yes,No,Medium
2026-01-29 16:07:03,0.027,Yes,No,Medium
2026-01-29 16:07:08,0.025,Yes,No,Medium
2026-01-29 16:07:13,0.024,Yes,No,Medium
2026-01-29 16:07:17,0.036,Yes,No,Medium
2026-01-29 16:07:22,0.031,Yes,No,Medium
2026-01-29 16:07:26,0.207,Yes,No,Medium
2026-01-29 16:07:34,0.297,Yes,No,Medium
2026-01-29 16:07:39,0.036,Yes,No,Medium
2026-01-29 16:07:43,0.706,Yes,No,High
2026-01-29 16:07:49,0.151,Yes,No,Medium
2026-01-29 16:07:53,0.209,Yes,No,Medium
2026-01-29 16:07:58,1.869,Yes,No,High
2026-01-29 16:08:04,0.656,Yes,No,High
2026-01-29 16:08:09,1.482,Yes,Yes,Critical
2026-01-29 16:08:39,0.987,Yes,Yes,Critical
2026-01-29 16:08:44,0.81,Yes,Yes,Critical
2026-01-29 16:08:48,0.246,Yes,Yes,Medium
2026-01-29 16:08:53,0.037,Yes,Yes,Medium
2026-01-29 16:08:57,0.034,Yes,Yes,Medium
2026-01-29 16:09:02,0.041,No,No,Low
2026-01-29 16:09:31,0.027,No,No,Low
2026-01-29 16:09:36,0.025,No,No,Low
2026-01-29 16:09:40,0.029,No,No,Low
2026-01-29 16:09:45,0.028,No,No,Low
2026-01-29 16:09:50,0.025,No,No,Low
2026-01-29 16:09:54,0.028,No,No,Low
2026-01-29 16:09:59,0.031,No,No,Low
2026-01-29 16:10:03,0.031,No,No,Low
2026-01-29 16:10:08,0.032,No,No,Low
2026-01-29 16:10:12,0.029,No,No,Low
2026-01-29 16:10:17,0.03,No,No,Low
2026-01-29 16:10:21,0.032,No,No,Low
2026-01-29 16:10:26,0.023,No,No,Low
2026-01-29 16:10:30,0.03,No,No,Low
2026-01-29 16:10:35,0.031,No,No,Low
2026-01-29 16:10:39,0.032,No,No,Low
2026-01-29 16:10:44,0.028,No,No,Low
2026-01-29 16:10:48,0.029,No,No,Low
2026-01-29 16:10:53,0.032,No,No,Low
2026-01-29 16:10:58,0.028,No,No,Low
2026-01-29 16:11:02,0.03,No,No,Low
2026-01-29 16:11:07,0.027,No,No,Low
2026-01-29 16:11:11,0.03,No,No,Low
2026-01-29 16:11:16,0.027,No,No,Low
2026-01-29 16:11:20,0.035,No,No,Low
2026-01-29 16:11:25,0.027,No,No,Low
2026-01-29 16:11:29,0.028,No,No,Low
Unknown,0.033,No,No,Low
Unknown,0.03,No,No,Low
2026-01-29 16:19:39,0.029,No,No,Low
2026-01-29 16:19:44,0.032,No,No,Low
2026-01-29 16:19:48,0.028,No,No,Low
2026-01-29 16:19:53,0.03,No,No,Low
2026-01-29 16:19:57,0.034,No,No,Low
2026-01-29 16:20:02,0.026,No,No,Low
2026-01-29 16:20:06,0.029,No,No,Low
2026-01-29 16:20:11,0.022,No,No,Low
2026-01-29 16:20:16,0.03,No,No,Low
2026-01-29 16:20:20,0.027,No,No,Low
2026-01-29 16:20:25,1.93,No,No,High
2026-01-29 16:20:30,0.02,No,No,Low
2026-01-29 16:20:35,0.09,No,No,Low
2026-01-29 16:20:39,0.026,Yes,No,Medium
2026-01-29 16:20:44,1.253,Yes,No,High
2026-01-29 16:20:49,2.16,Yes,No,High
2026-01-29 16:20:55,0.356,Yes,Yes,Critical
2026-01-29 16:21:24,0.025,Yes,Yes,Medium
2026-01-29 16:21:29,0.032,Yes,Yes,Medium
2026-01-29 16:21:34,0.787,Yes,No,High
2026-01-29 16:22:04,0.023,Yes,No,Medium
2026-01-29 16:22:09,0.311,Yes,No,High
2026-01-29 16:22:14,0.495,Yes,No,High
2026-01-29 16:22:20,0.712,Yes,Yes,Critical
2026-01-29 16:22:49,1.131,Yes,Yes,Critical
2026-01-29 16:22:54,1.829,Yes,Yes,Critical
2026-01-29 16:22:58,0.636,Yes,Yes,Critical
2026-01-29 16:23:03,1.761,Yes,Yes,Critical
2026-01-29 16:23:07,1.013,Yes,Yes,Critical
2026-01-29 16:23:12,0.063,Yes,Yes,Medium
2026-01-29 16:23:16,0.018,Yes,Yes,Medium
2026-01-29 16:23:21,0.725,Yes,No,High
2026-01-29 16:23:52,0.895,Yes,No,High
2026-01-29 16:23:57,1.564,Yes,Yes,Critical
2026-01-29 16:24:27,1.731,Yes,Yes,Critical
2026-01-29 16:24:31,0.069,Yes,Yes,Medium
2026-01-29 16:24:36,0.761,Yes,No,High
2026-01-29 16:25:07,0.064,Yes,No,Medium
2026-01-29 16:25:12,0.521,Yes,No,High
2026-01-29 16:25:17,0.059,Yes,No,Medium
2026-01-29 16:25:22,0.056,Yes,No,Medium
2026-01-29 16:25:27,1.541,Yes,No,High
2026-01-29 16:25:32,1.766,Yes,No,High
2026-01-29 16:25:38,0.025,Yes,No,Medium
2026-01-29 16:25:43,0.043,Yes,No,Medium
2026-01-29 16:25:47,0.51,Yes,No,High
2026-01-29 16:25:53,0.711,Yes,No,High
2026-01-29 16:25:58,0.987,Yes,Yes,Critical
2026-01-29 16:26:28,0.527,Yes,Yes,Critical
2026-01-29 16:26:32,1.998,Yes,Yes,Critical
2026-01-29 16:26:37,0.57,Yes,Yes,Critical
2026-01-29 16:26:42,0.304,Yes,Yes,Critical
2026-01-29 16:26:46,0.261,Yes,Yes,Medium
2026-01-29 16:26:51,1.868,Yes,No,High
2026-01-29 16:27:22,0.034,Yes,No,Medium
2026-01-29 16:27:26,1.058,Yes,No,High
2026-01-29 16:27:32,1.824,Yes,No,High
2026-01-29 16:27:37,0.331,Yes,Yes,Critical
2026-01-29 16:28:07,1.006,Yes,Yes,Critical
2026-01-29 16:28:12,0.186,Yes,Yes,Medium
2026-01-29 16:28:16,0.46,Yes,No,High
2026-01-29 16:28:47,0.892,Yes,No,High
2026-01-29 16:28:52,0.271,Yes,No,Medium
2026-01-29 16:28:57,0.177,Yes,No,Medium
2026-01-29 16:29:02,0.003,Yes,No,Medium
2026-01-29 16:29:06,1.652,Yes,No,High
2026-01-29 16:29:12,0.467,Yes,No,High
2026-01-29 16:29:17,0.031,Yes,No,Medium
2026-01-29 16:29:22,0.917,Yes,No,High
2026-01-29 16:29:27,0.684,Yes,No,High
2026-01-29 16:29:33,0.596,Yes,Yes,Critical
2026-01-29 16:30:03,0.765,Yes,Yes,Critical
2026-01-29 16:30:07,2.099,Yes,Yes,Critical
2026-01-29 16:30:12,0.984,Yes,Yes,Critical
2026-01-29 16:30:17,1.655,Yes,Yes,Critical
2026-01-29 16:30:21,0.352,Yes,Yes,Critical
2026-01-29 16:30:26,0.165,Yes,Yes,Medium
2026-01-29 16:30:31,0.026,Yes,Yes,Medium
2026-01-29 16:30:35,0.026,Yes,Yes,Medium
2026-01-29 16:30:40,0.027,Yes,Yes,Medium
2026-01-29 16:30:44,0.025,Yes,Yes,Medium
2026-01-29 16:30:49,0.751,Yes,No,High
2026-01-29 16:31:19,2.131,Yes,No,High
2026-01-29 16:31:25,1.048,Yes,Yes,Critical
2026-01-29 16:31:55,0.544,Yes,Yes,Critical
2026-01-29 16:31:59,0.738,Yes,Yes,Critical
2026-01-29 16:32:04,1.536,Yes,Yes,Critical
2026-01-29 16:32:08,1.129,Yes,Yes,Critical
2026-01-29 16:32:13,0.313,Yes,Yes,Critical
2026-01-29 16:32:17,0.003,Yes,Yes,Medium
2026-01-29 16:32:22,1.167,Yes,No,High
2026-01-29 16:32:53,0.556,Yes,No,High
2026-01-29 16:32:58,1.181,Yes,Yes,Critical
2026-01-29 16:33:28,0.175,Yes,Yes,Medium
2026-01-29 16:33:33,0.768,Yes,No,High
2026-01-29 16:34:03,0.441,Yes,No,High
2026-01-29 16:34:09,0.453,Yes,Yes,Critical
2026-01-29 16:34:39,1.094,Yes,Yes,Critical
2026-01-29 16:34:43,0.332,Yes,Yes,Critical
2026-01-29 16:34:48,0.32,Yes,Yes,Critical
2026-01-29 16:34:52,1.538,Yes,Yes,Critical
2026-01-29 16:34:57,1.64,Yes,Yes,Critical
2026-01-29 16:35:01,0.271,Yes,Yes,Medium
2026-01-29 16:35:06,0.587,Yes,No,High
2026-01-29 16:35:37,1.617,Yes,No,High
2026-01-29 16:35:42,1.232,Yes,Yes,Critical
2026-01-29 16:36:12,2.464,Yes,Yes,Critical
2026-01-29 16:36:17,0.257,Yes,Yes,Medium
2026-01-29 16:36:21,0.017,Yes,Yes,Medium
2026-01-29 16:36:26,0.049,Yes,Yes,Medium
2026-01-29 16:36:31,0.025,No,No,Low
2026-01-29 16:42:11,0.026,Yes,No,Medium
2026-01-29 16:42:16,0.028,Yes,No,Medium
2026-01-29 16:42:20,0.029,Yes,No,Medium
2026-01-29 16:42:25,0.027,Yes,No,Medium
2026-01-29 16:42:30,0.027,Yes,No,Medium
2026-01-29 16:42:35,0.477,Yes,No,High
2026-01-29 16:42:40,0.063,Yes,No,Medium
2026-01-29 16:42:45,0.1,Yes,No,Medium
2026-01-29 16:42:50,0.018,Yes,No,Medium
2026-01-29 16:42:54,0.025,Yes,No,Medium
2026-01-29 16:42:59,0.026,Yes,No,Medium
2026-01-29 16:43:03,0.026,Yes,No,Medium
2026-01-29 16:43:08,0.025,Yes,No,Medium
2026-01-29 16:43:13,0.024,Yes,No,Medium
2026-01-29 16:43:17,0.021,Yes,No,Medium
2026-01-29 16:43:22,0.023,Yes,No,Medium
2026-01-29 16:43:27,0.023,Yes,No,Medium
2026-01-29 16:43:31,0.02,Yes,No,Medium
2026-01-29 16:43:36,0.024,Yes,No,Medium
2026-01-29 16:43:40,0.023,Yes,No,Medium
2026-01-29 16:43:45,0.025,Yes,No,Medium
2026-01-29 16:43:50,0.02,Yes,No,Medium
2026-01-29 16:43:54,0.026,Yes,No,Medium
2026-01-29 16:43:59,0.024,Yes,No,Medium
2026-01-29 16:44:04,0.023,Yes,No,Medium
2026-01-29 16:44:08,0.029,Yes,No,Medium
2026-01-29 16:44:13,0.022,Yes,No,Medium
2026-01-29 16:44:18,0.025,Yes,No,Medium
2026-01-29 16:44:22,0.022,Yes,No,Medium
2026-01-29 16:44:27,0.026,Yes,No,Medium
2026-01-29 16:44:32,0.022,Yes,No,Medium
2026-01-29 16:44:36,0.023,Yes,No,Medium
2026-01-29 16:44:41,0.025,Yes,No,Medium
2026-01-29 16:44:46,0.021,Yes,No,Medium
2026-01-29 16:44:51,0.022,Yes,No,Medium
2026-01-29 16:44:55,0.03,Yes,No,Medium
2026-01-29 16:45:00,0.022,Yes,No,Medium
2026-01-29 16:45:05,0.025,Yes,No,Medium
2026-01-29 16:45:09,0.016,Yes,No,Medium
2026-01-29 16:45:14,0.022,Yes,No,Medium
2026-01-29 16:45:19,0.026,Yes,No,Medium
2026-01-29 16:45:24,0.02,Yes,No,Medium
2026-01-29 16:45:28,0.03,Yes,No,Medium
2026-01-29 16:45:33,0.02,Yes,No,Medium
2026-01-29 16:45:38,0.02,Yes,No,Medium
2026-01-29 16:45:42,0.027,Yes,No,Medium
2026-01-29 16:45:47,0.025,Yes,No,Medium
2026-01-29 16:45:52,0.027,Yes,No,Medium
2026-01-29 16:45:57,0.17,Yes,No,Medium
2026-01-29 16:46:02,0.96,Yes,No,High
2026-01-29 16:46:07,0.025,Yes,No,Medium
2026-01-29 16:46:12,0.022,Yes,No,Medium
2026-01-29 16:46:16,0.017,Yes,No,Medium
2026-01-29 16:46:21,0.021,Yes,No,Medium
2026-01-29 16:46:26,0.024,Yes,No,Medium
2026-01-29 16:46:30,0.025,Yes,No,Medium
2026-01-29 16:46:35,0.021,Yes,No,Medium
2026-01-29 16:46:40,0.018,Yes,No,Medium
2026-01-29 16:46:44,0.021,Yes,No,Medium
2026-01-29 16:46:49,0.025,Yes,No,Medium
2026-01-29 16:46:54,0.022,Yes,No,Medium
2026-01-29 16:46:58,0.024,Yes,No,Medium
2026-01-29 16:47:03,0.027,Yes,No,Medium
2026-01-29 16:47:08,0.02,Yes,No,Medium
2026-01-29 16:47:12,0.019,Yes,No,Medium
2026-01-29 16:47:17,0.021,Yes,No,Medium
2026-01-29 16:47:22,0.024,Yes,No,Medium
2026-01-29 16:47:27,0.027,Yes,No,Medium
2026-01-29 16:47:31,0.021,Yes,No,Medium
2026-01-29 16:47:36,0.025,Yes,No,Medium
2026-01-29 16:47:41,0.024,Yes,No,Medium
2026-01-29 16:47:45,0.03,Yes,No,Medium
2026-01-29 16:47:50,0.023,Yes,No,Medium
2026-01-29 16:47:55,0.024,Yes,No,Medium
2026-01-29 16:48:00,0.02,Yes,No,Medium
2026-01-29 16:48:04,0.025,Yes,No,Medium
2026-01-29 16:48:09,0.024,Yes,No,Medium
2026-01-29 16:48:14,0.022,Yes,No,Medium
2026-01-29 16:48:19,0.018,Yes,No,Medium
2026-01-29 16:48:24,0.024,Yes,No,Medium
2026-01-29 16:48:28,0.021,Yes,No,Medium
2026-01-29 16:48:33,0.021,Yes,No,Medium
2026-01-29 16:48:38,0.024,Yes,No,Medium
2026-01-29 16:48:42,0.024,Yes,No,Medium
2026-01-29 16:48:47,0.022,Yes,No,Medium
2026-01-29 16:48:52,0.028,Yes,No,Medium
2026-01-29 16:48:56,0.024,Yes,No,Medium
2026-01-29 16:49:01,0.025,Yes,No,Medium
2026-01-29 16:49:05,0.028,Yes,No,Medium
2026-01-29 16:49:10,0.025,Yes,No,Medium
2026-01-29 16:49:15,0.025,Yes,No,Medium
2026-01-29 16:49:20,0.024,Yes,No,Medium
2026-01-29 16:49:24,0.025,Yes,No,Medium
2026-01-29 16:49:29,0.022,Yes,No,Medium
2026-01-29 16:49:34,0.024,Yes,No,Medium
2026-01-29 16:49:38,0.027,Yes,No,Medium
2026-01-29 16:49:43,0.032,Yes,No,Medium
2026-01-29 16:49:47,0.023,Yes,No,Medium
2026-01-29 16:49:52,0.024,Yes,No,Medium
2026-01-29 16:49:57,0.022,Yes,No,Medium
2026-01-29 16:50:01,0.024,Yes,No,Medium
2026-01-29 16:50:06,0.021,Yes,No,Medium
2026-01-29 16:50:10,0.025,Yes,No,Medium
2026-01-29 16:50:15,0.021,Yes,No,Medium
2026-01-29 16:50:20,0.024,Yes,No,Medium
2026-01-29 16:50:24,0.024,Yes,No,Medium
2026-01-29 16:50:29,0.019,Yes,No,Medium
2026-01-29 16:50:36,0.026,Yes,No,Medium
2026-01-29 16:50:41,0.03,Yes,No,Medium
2026-01-29 16:50:46,0.025,Yes,No,Medium
2026-01-29 16:50:50,0.027,Yes,No,Medium
2026-01-29 16:50:55,0.024,Yes,No,Medium
2026-01-29 16:51:00,0.019,Yes,No,Medium
2026-01-29 16:51:04,0.025,Yes,No,Medium
2026-01-29 16:51:09,0.027,Yes,No,Medium
2026-01-29 16:51:13,0.02,Yes,No,Medium
2026-01-29 16:51:18,0.027,Yes,No,Medium
2026-01-29 16:51:23,0.02,Yes,No,Medium
2026-01-29 16:51:27,0.024,Yes,No,Medium
2026-01-29 16:51:33,0.027,Yes,No,Medium
2026-01-29 16:51:38,0.029,Yes,No,Medium
2026-01-29 16:51:42,0.026,Yes,No,Medium
2026-01-29 16:51:47,0.025,Yes,No,Medium
2026-01-29 16:51:52,0.027,Yes,No,Medium
2026-01-29 16:51:56,0.02,Yes,No,Medium
2026-01-29 16:52:01,0.029,Yes,No,Medium
2026-01-29 16:52:06,0.025,Yes,No,Medium
2026-01-29 16:52:10,0.026,Yes,No,Medium
2026-01-29 16:52:15,0.026,Yes,No,Medium
2026-01-29 16:52:20,0.029,Yes,No,Medium
2026-01-29 16:52:24,0.029,Yes,No,Medium
2026-01-29 16:52:29,0.024,Yes,No,Medium
2026-01-29 16:52:33,0.025,Yes,No,Medium
2026-01-29 16:52:38,0.031,Yes,No,Medium
2026-01-29 16:52:43,0.024,Yes,No,Medium
2026-01-29 16:52:47,0.024,Yes,No,Medium
2026-01-29 16:52:52,0.023,Yes,No,Medium
2026-01-29 16:52:57,0.029,Yes,No,Medium
2026-01-29 16:53:01,0.025,Yes,No,Medium
2026-01-29 16:53:06,0.026,Yes,No,Medium
2026-01-29 16:53:11,0.023,Yes,No,Medium
2026-01-29 16:53:15,0.026,Yes,No,Medium
2026-01-29 16:53:20,0.017,Yes,No,Medium
2026-01-29 16:53:24,0.021,Yes,No,Medium
2026-01-29 16:53:29,0.027,Yes,No,Medium
2026-01-29 16:53:34,0.027,Yes,No,Medium
2026-01-29 16:53:41,0.031,Yes,No,Medium
2026-01-29 16:53:46,0.025,Yes,No,Medium
2026-01-29 16:53:52,0.027,Yes,No,Medium
2026-01-29 16:53:57,0.026,Yes,No,Medium
2026-01-29 16:54:02,0.021,Yes,No,Medium
2026-01-29 16:54:06,0.025,Yes,No,Medium
2026-01-29 16:54:11,0.021,Yes,No,Medium
2026-01-29 16:54:15,0.03,Yes,No,Medium
2026-01-29 16:54:20,0.031,Yes,No,Medium
2026-01-29 16:54:25,0.029,Yes,No,Medium
2026-01-29 16:54:29,0.024,Yes,No,Medium
2026-01-29 16:54:34,0.027,Yes,No,Medium
2026-01-29 16:54:38,0.033,Yes,No,Medium
2026-01-29 16:54:43,0.028,Yes,No,Medium
2026-01-29 16:54:48,0.024,Yes,No,Medium
2026-01-29 16:54:53,0.03,Yes,No,Medium
2026-01-29 16:54:58,0.028,Yes,No,Medium
2026-01-29 16:55:03,0.022,Yes,No,Medium
2026-01-29 16:55:08,0.021,Yes,No,Medium
2026-01-29 16:55:13,0.028,Yes,No,Medium
2026-01-29 16:55:17,0.025,Yes,No,Medium
2026-01-29 16:55:22,0.028,Yes,No,Medium
2026-01-29 16:55:27,0.024,Yes,No,Medium
2026-01-29 16:55:31,0.027,Yes,No,Medium
2026-01-29 16:55:36,0.029,Yes,No,Medium
2026-01-29 16:55:41,0.029,Yes,No,Medium
2026-01-29 16:55:45,0.817,Yes,No,High
2026-01-29 16:55:51,0.483,Yes,No,High
2026-01-29 16:55:56,0.521,Yes,Yes,Critical
2026-01-29 16:56:26,0.686,Yes,Yes,Critical
2026-01-29 16:56:30,1.379,Yes,Yes,Critical
2026-01-29 16:56:35,0.254,Yes,Yes,Medium
2026-01-29 16:56:40,0.021,Yes,Yes,Medium
2026-01-29 16:56:44,0.016,Yes,Yes,Medium
2026-01-29 16:56:49,0.023,Yes,Yes,Medium
2026-01-29 16:56:54,0.027,Yes,Yes,Medium
2026-01-29 16:56:58,0.02,Yes,Yes,Medium
2026-01-29 16:57:03,0.027,Yes,Yes,Medium
2026-01-29 16:57:08,0.02,Yes,Yes,Medium
2026-01-29 16:57:13,0.027,Yes,Yes,Medium
2026-01-29 16:57:17,0.024,Yes,Yes,Medium
2026-01-29 16:57:22,0.026,Yes,Yes,Medium
2026-01-29 16:57:27,0.022,Yes,Yes,Medium
2026-01-29 16:57:32,0.022,Yes,Yes,Medium
2026-01-29 16:57:36,0.025,Yes,Yes,Medium
2026-01-29 16:57:41,0.018,Yes,Yes,Medium
2026-01-29 16:57:46,0.025,Yes,Yes,Medium
2026-01-29 16:57:50,0.022,Yes,Yes,Medium
2026-01-29 16:57:55,0.03,Yes,Yes,Medium
2026-01-29 16:58:00,0.018,Yes,Yes,Medium
2026-01-29 16:58:04,0.023,Yes,Yes,Medium
2026-01-29 16:58:09,0.017,Yes,Yes,Medium
2026-01-29 16:58:14,0.03,Yes,Yes,Medium
2026-01-29 16:58:18,0.023,Yes,Yes,Medium
2026-01-29 16:58:23,0.023,Yes,Yes,Medium
2026-01-29 16:58:27,0.021,Yes,Yes,Medium
2026-01-29 16:58:32,0.025,Yes,Yes,Medium
2026-01-29 16:58:37,0.027,Yes,Yes,Medium
2026-01-29 16:58:42,0.022,Yes,Yes,Medium
2026-01-29 16:58:46,0.022,Yes,Yes,Medium
2026-01-29 16:58:51,0.015,Yes,Yes,Medium
2026-01-29 16:58:55,0.028,Yes,Yes,Medium
2026-01-29 16:59:00,0.026,Yes,Yes,Medium
2026-01-29 16:59:05,0.025,Yes,Yes,Medium
2026-01-29 16:59:10,0.023,Yes,Yes,Medium
2026-01-29 16:59:14,0.02,Yes,Yes,Medium
2026-01-29 16:59:19,0.019,Yes,Yes,Medium
2026-01-29 16:59:23,0.028,Yes,Yes,Medium
2026-01-29 16:59:28,0.026,Yes,Yes,Medium
2026-01-29 16:59:33,0.025,Yes,Yes,Medium
2026-01-29 16:59:37,0.024,Yes,Yes,Medium
2026-01-29 16:59:42,0.015,Yes,Yes,Medium
2026-01-29 16:59:47,0.02,Yes,Yes,Medium
2026-01-29 16:59:51,0.032,Yes,Yes,Medium
2026-01-29 16:59:56,0.023,Yes,Yes,Medium
2026-01-29 17:00:01,0.025,Yes,Yes,Medium
2026-01-29 17:00:05,0.03,Yes,Yes,Medium
2026-01-29 17:00:10,0.023,Yes,Yes,Medium
2026-01-29 17:00:15,0.025,Yes,Yes,Medium
2026-01-29 17:00:19,0.023,Yes,Yes,Medium
2026-01-29 17:00:24,0.026,Yes,Yes,Medium
2026-01-29 17:00:29,0.023,Yes,Yes,Medium
2026-01-29 17:00:33,0.026,Yes,Yes,Medium
2026-01-29 17:00:38,0.026,Yes,Yes,Medium
2026-01-29 17:00:42,0.026,Yes,Yes,Medium
2026-01-29 17:00:47,0.026,Yes,Yes,Medium
2026-01-29 17:00:52,0.022,Yes,Yes,Medium
2026-01-29 17:00:56,0.018,Yes,Yes,Medium
2026-01-29 17:01:01,0.025,Yes,Yes,Medium
2026-01-29 17:01:06,0.026,Yes,Yes,Medium
2026-01-29 17:01:10,0.018,Yes,Yes,Medium
2026-01-29 17:01:15,0.015,Yes,Yes,Medium
2026-01-29 17:01:20,0.023,Yes,Yes,Medium
2026-01-29 17:01:24,0.02,Yes,Yes,Medium
2026-01-29 17:01:29,0.027,Yes,Yes,Medium
2026-01-29 17:01:34,0.023,Yes,Yes,Medium
2026-01-29 17:01:39,0.021,Yes,Yes,Medium
2026-01-29 17:01:44,0.022,Yes,Yes,Medium
2026-01-29 17:01:48,0.023,Yes,Yes,Medium
2026-01-29 17:01:53,0.02,Yes,Yes,Medium
2026-01-29 17:01:58,0.026,Yes,Yes,Medium
2026-01-29 17:02:02,0.022,Yes,Yes,Medium
2026-01-29 17:02:07,0.024,Yes,Yes,Medium
2026-01-29 17:02:12,0.027,Yes,Yes,Medium
2026-01-29 17:02:16,0.022,Yes,Yes,Medium
2026-01-29 17:02:28,0.024,Yes,Yes,Medium
2026-01-29 17:02:33,1.351,Yes,No,High
2026-01-29 17:03:03,0.028,Yes,No,Medium
2026-01-29 17:03:12,0.02,Yes,No,Medium
2026-01-29 17:03:17,0.022,Yes,No,Medium
2026-01-29 17:03:22,0.024,Yes,No,Medium
2026-01-29 17:03:27,0.027,Yes,No,Medium
2026-01-29 17:03:31,0.032,Yes,No,Medium
2026-01-29 17:03:36,0.021,Yes,No,Medium
2026-01-29 17:03:41,0.025,Yes,No,Medium
2026-01-29 17:03:45,0.028,Yes,No,Medium
2026-01-29 17:03:50,0.021,Yes,No,Medium
2026-01-29 17:03:55,0.024,Yes,No,Medium
2026-01-29 17:03:59,0.022,Yes,No,Medium
2026-01-29 17:04:04,0.025,Yes,No,Medium
2026-01-29 17:04:08,0.03,Yes,No,Medium
2026-01-29 17:04:13,0.018,Yes,No,Medium
2026-01-29 17:04:18,0.029,Yes,No,Medium
2026-01-29 17:04:23,0.028,Yes,No,Medium
2026-01-29 17:04:27,0.009,No,No,Low
2026-01-29 17:04:32,0.026,No,No,Low
Unknown,0.018,No,No,Low
2026-01-29 17:12:35,0.025,No,No,Low
2026-01-29 17:12:40,0.019,No,No,Low
2026-01-29 17:12:44,0.022,No,No,Low
2026-01-29 17:12:49,0.026,No,No,Low
2026-01-29 17:12:53,0.031,No,No,Low
2026-01-29 17:12:58,0.023,No,No,Low
2026-01-29 17:13:03,0.029,No,No,Low
2026-01-29 17:13:07,0.022,No,No,Low
2026-01-29 17:13:12,0.031,No,No,Low
2026-01-29 17:13:16,0.029,No,No,Low
2026-01-29 17:13:21,0.023,No,No,Low
2026-01-29 17:13:25,0.028,No,No,Low
2026-01-29 17:13:30,0.02,No,No,Low
2026-01-29 17:13:34,0.025,No,No,Low
2026-01-29 17:13:39,0.025,No,No,Low
2026-01-29 17:13:43,1.118,No,No,High
2026-01-29 17:13:49,1.906,No,No,High
2026-01-29 17:13:54,0.014,No,No,Low
2026-01-29 17:13:59,0.557,No,No,High
2026-01-29 17:14:05,1.999,No,No,High
2026-01-29 17:14:10,0.526,No,No,High
2026-01-29 17:14:14.129612,0.033,No,No,High
2026-01-29 17:14:16,0.286,No,No,Medium
2026-01-29 17:14:20,0.018,No,No,Low
2026-01-29 17:14:25,0.019,No,No,Low
2026-01-29 17:14:29,0.026,No,No,Low
2026-01-29 17:14:34,0.02,No,No,Low
2026-01-29 17:14:38,0.021,No,No,Low
2026-01-29 17:14:43,0.021,No,No,Low
2026-01-29 17:14:47,0.021,No,No,Low
2026-01-29 17:14:52,0.538,No,No,High
2026-01-29 17:14:58,0.306,No,No,High
2026-01-29 17:15:03,1.893,No,No,High
2026-01-29 17:15:08,0.465,No,No,High
2026-01-29 17:15:14,0.14,No,No,Low
2026-01-29 17:15:18,0.001,No,No,Low
2026-01-29 17:15:23,0.316,Yes,No,High
2026-01-29 17:15:28,0.267,Yes,No,Medium
2026-01-29 17:15:33,0.032,Yes,No,Medium
2026-01-29 17:15:38,0.024,Yes,No,Medium
2026-01-29 17:15:42,0.02,Yes,No,Medium
2026-01-29 17:15:47,0.024,Yes,No,Medium
2026-01-29 17:15:52,0.024,Yes,No,Medium
2026-01-29 17:15:57,1.094,Yes,No,High
2026-01-29 17:16:05,0.335,Yes,No,High
2026-01-29 17:16:10,0.82,Yes,Yes,Critical
2026-01-29 17:16:40,0.412,Yes,Yes,Critical
2026-01-29 17:16:45,1.822,Yes,Yes,Critical
2026-01-29 17:16:49,0.385,Yes,Yes,Critical
2026-01-29 17:16:54,0.971,Yes,Yes,Critical
2026-01-29 17:16:58,0.08,Yes,Yes,Medium
2026-01-29 17:17:03,0.091,Yes,Yes,Medium
2026-01-29 17:17:14,0.024,Yes,Yes,Medium
2026-01-29 17:17:19,0.025,Yes,Yes,Medium
2026-01-29 17:17:24,0.024,Yes,Yes,Medium
2026-01-29 17:17:28,0.017,Yes,Yes,Medium
2026-01-29 17:17:33,0.018,Yes,Yes,Medium
2026-01-29 17:17:38,0.019,Yes,Yes,Medium
2026-01-29 17:17:42,0.015,Yes,Yes,Medium
2026-01-29 17:17:47,0.029,Yes,Yes,Medium
2026-01-29 17:17:54,0.021,Yes,Yes,Medium
2026-01-29 17:17:59,0.021,Yes,Yes,Medium
2026-01-29 17:18:04,0.026,Yes,Yes,Medium
2026-01-29 17:18:09,0.026,Yes,Yes,Medium
2026-01-29 17:18:13,0.024,Yes,Yes,Medium
2026-01-29 17:18:18,0.024,Yes,Yes,Medium
2026-01-29 17:18:22,0.023,Yes,Yes,Medium
2026-01-29 17:18:27,0.021,Yes,Yes,Medium
2026-01-29 17:18:32,0.027,Yes,Yes,Medium
2026-01-29 17:18:36,0.022,Yes,Yes,Medium
2026-01-29 17:18:41,0.021,Yes,Yes,Medium
2026-01-29 17:18:45,0.028,Yes,Yes,Medium
2026-01-29 17:18:50,0.022,Yes,Yes,Medium
2026-01-29 17:18:55,0.024,Yes,Yes,Medium
2026-01-29 17:18:59,0.015,Yes,Yes,Medium
2026-01-29 17:19:04,0.026,Yes,Yes,Medium
2026-01-29 17:19:09,0.025,Yes,Yes,Medium
2026-01-29 17:19:14,0.027,Yes,Yes,Medium
2026-01-29 17:19:18,0.029,Yes,Yes,Medium
2026-01-29 17:19:23,0.024,Yes,Yes,Medium
2026-01-29 17:19:28,0.023,Yes,Yes,Medium
2026-01-29 17:19:32,0.021,Yes,Yes,Medium
2026-01-29 17:19:37,0.025,Yes,Yes,Medium
2026-01-29 17:19:41,0.026,Yes,Yes,Medium
2026-01-29 17:19:46,0.018,Yes,Yes,Medium
2026-01-29 17:19:51,1.39,Yes,No,High
2026-01-29 17:20:21,2.464,Yes,No,High
2026-01-29 17:20:27,1.613,Yes,Yes,Critical
2026-01-29 17:20:57,0.032,Yes,Yes,Medium
2026-01-29 17:21:00.664376,0.033,No,No,High
2026-01-29 17:21:01,0.02,Yes,Yes,Medium
2026-01-29 17:21:06,0.023,Yes,Yes,Medium
2026-01-29 17:21:10,0.025,Yes,Yes,Medium
2026-01-29 17:21:15,0.026,Yes,Yes,Medium
2026-01-29 17:21:20,0.022,Yes,Yes,Medium
2026-01-29 17:21:24,0.023,Yes,Yes,Medium
2026-01-29 17:21:29,0.024,Yes,Yes,Medium
2026-01-29 17:21:33,0.024,Yes,Yes,Medium
2026-01-29 17:21:38,0.026,Yes,Yes,Medium
2026-01-29 17:21:43,0.022,Yes,Yes,Medium
2026-01-29 17:21:48,0.026,Yes,Yes,Medium
2026-01-29 17:21:52,0.021,Yes,Yes,Medium
2026-01-29 17:21:57,0.022,Yes,Yes,Medium
2026-01-29 17:22:02,0.026,Yes,Yes,Medium
2026-01-29 17:22:06,0.02,Yes,Yes,Medium
2026-01-29 17:22:11,0.02,Yes,Yes,Medium
2026-01-29 17:22:15,0.023,Yes,Yes,Medium
2026-01-29 17:22:20,0.018,Yes,Yes,Medium
2026-01-29 17:22:25,0.026,Yes,Yes,Medium
2026-01-29 17:22:30,0.022,Yes,Yes,Medium
2026-01-29 17:22:34,0.023,Yes,Yes,Medium
2026-01-29 17:22:39,0.029,Yes,Yes,Medium
2026-01-29 17:22:44,0.018,Yes,Yes,Medium
2026-01-29 17:22:48,0.021,Yes,Yes,Medium
2026-01-29 17:22:53,0.02,Yes,Yes,Medium
2026-01-29 17:22:58,0.026,Yes,Yes,Medium
2026-01-29 17:23:02,0.02,Yes,Yes,Medium
2026-01-29 17:23:07,0.025,Yes,Yes,Medium
2026-01-29 17:23:11,0.023,Yes,Yes,Medium
2026-01-29 17:23:16,0.023,Yes,Yes,Medium
2026-01-29 17:23:21,0.02,Yes,Yes,Medium
2026-01-29 17:23:26,0.02,Yes,Yes,Medium
2026-01-29 17:23:30,0.025,Yes,Yes,Medium
2026-01-29 17:23:35,0.025,Yes,Yes,Medium
2026-01-29 17:23:40,0.017,Yes,Yes,Medium
2026-01-29 17:23:45,0.026,Yes,Yes,Medium
2026-01-29 17:23:49,0.02,Yes,Yes,Medium
2026-01-29 17:23:54,0.023,Yes,Yes,Medium
2026-01-29 17:23:58,0.021,Yes,Yes,Medium
2026-01-29 17:24:03,0.029,Yes,Yes,Medium
2026-01-29 17:24:08,0.025,Yes,Yes,Medium
2026-01-29 17:24:12,0.023,Yes,Yes,Medium
2026-01-29 17:24:17,0.021,Yes,Yes,Medium
2026-01-29 17:24:21,0.028,Yes,Yes,Medium
2026-01-29 17:24:26,0.02,Yes,Yes,Medium
2026-01-29 17:24:31,0.018,Yes,Yes,Medium
2026-01-29 17:24:36,0.164,Yes,Yes,Medium
2026-01-29 17:24:40,0.887,Yes,No,High
2026-01-29 17:25:11,0.902,Yes,No,High
2026-01-29 17:25:16,1.922,Yes,Yes,Critical
2026-01-29 17:25:18.768039,0.033,No,No,High
2026-01-29 17:25:46,0.018,Yes,Yes,Medium
2026-01-29 17:25:50,0.024,Yes,Yes,Medium
2026-01-29 17:25:55,0.019,Yes,Yes,Medium
2026-01-29 17:26:00,0.018,Yes,Yes,Medium
2026-01-29 17:26:04,0.023,Yes,Yes,Medium
2026-01-29 17:26:09,0.02,Yes,Yes,Medium
2026-01-29 17:26:13,0.021,Yes,Yes,Medium
2026-01-29 17:26:18,0.016,Yes,Yes,Medium
2026-01-29 17:26:23,0.029,Yes,Yes,Medium
2026-01-29 17:26:27,0.021,Yes,Yes,Medium
2026-01-29 17:26:32,0.018,Yes,Yes,Medium
2026-01-29 17:26:36,0.195,Yes,Yes,Medium
2026-01-29 17:26:41,0.348,Yes,No,High
2026-01-29 17:27:12,0.015,Yes,No,Medium
2026-01-29 17:27:16,0.019,Yes,No,Medium
2026-01-29 17:27:21,0.016,Yes,No,Medium
2026-01-29 17:27:26,0.019,Yes,No,Medium
2026-01-29 17:27:30,0.015,Yes,No,Medium
2026-01-29 17:27:35,0.023,Yes,No,Medium
2026-01-29 17:27:40,0.02,Yes,No,Medium
2026-01-29 17:27:44,0.02,Yes,No,Medium
2026-01-29 17:27:49,0.018,Yes,No,Medium
2026-01-29 17:27:53,0.02,Yes,No,Medium
2026-01-29 17:27:58,0.025,Yes,No,Medium
2026-01-29 17:28:03,0.019,Yes,No,Medium
2026-01-29 17:28:07,0.024,Yes,No,Medium
2026-01-29 17:28:12,0.024,Yes,No,Medium
2026-01-29 17:28:16,0.016,Yes,No,Medium
2026-01-29 17:28:21,0.022,Yes,No,Medium
2026-01-29 17:28:26,0.019,Yes,No,Medium
2026-01-29 17:28:30,0.018,Yes,No,Medium
2026-01-29 17:28:35,0.022,Yes,No,Medium
2026-01-29 17:28:40,0.023,Yes,No,Medium
2026-01-29 17:28:44,0.019,Yes,No,Medium
2026-01-29 17:28:49,0.017,Yes,No,Medium
2026-01-29 17:28:54,0.025,Yes,No,Medium
2026-01-29 17:28:58,0.02,Yes,No,Medium
2026-01-29 17:29:04,1.13,Yes,No,High
2026-01-29 17:29:09,0.019,Yes,No,Medium
2026-01-29 17:29:14,0.019,Yes,No,Medium
2026-01-29 17:29:18,0.023,Yes,No,Medium
2026-01-29 17:29:23,0.02,Yes,No,Medium
2026-01-29 17:29:28,0.008,No,No,Low
2026-01-29 17:29:32,0.022,No,No,Low
2026-01-29 17:29:37,0.02,No,No,Low
2026-01-29 17:29:41,0.019,No,No,Low
2026-01-29 17:29:46,0.02,No,No,Low
2026-01-29 17:29:50,0.025,No,No,Low
2026-01-29 17:29:55,0.021,No,No,Low
2026-01-29 17:29:59,0.03,No,No,Low
2026-01-29 19:50:38,0.016,Yes,No,Medium
2026-01-29 19:50:43,0.027,Yes,No,Medium
2026-01-29 19:50:47,0.023,Yes,No,Medium
2026-01-29 19:50:52,0.023,Yes,No,Medium
2026-01-29 19:50:56,0.022,Yes,No,Medium
2026-01-29 19:51:01,0.016,Yes,No,Medium
2026-01-29 19:51:06,0.02,Yes,No,Medium
2026-01-29 19:51:10,0.021,Yes,No,Medium
2026-01-29 19:51:15,0.023,Yes,No,Medium
2026-01-29 19:51:20,0.007,Yes,No,Medium
2026-01-29 19:51:25,0.297,Yes,No,Medium
2026-01-29 19:51:29,0.612,Yes,No,High
2026-01-29 19:51:35,1.419,Yes,No,High
2026-01-29 19:51:40,0.246,Yes,No,Medium
2026-01-29 19:51:45,0.177,Yes,No,Medium
2026-01-29 19:51:50,0.46,Yes,No,High
2026-01-29 19:51:55,0.499,Yes,No,High
2026-01-29 19:52:01,0.365,Yes,Yes,Critical
2026-01-29 19:52:31,0.031,Yes,Yes,Medium
2026-01-29 19:52:35,0.026,Yes,Yes,Medium
2026-01-29 19:52:40,0.029,Yes,Yes,Medium
2026-01-29 19:52:45,0.029,Yes,Yes,Medium
2026-01-29 19:52:50,0.029,Yes,Yes,Medium
2026-01-29 19:52:54,0.039,No,No,Low
2026-01-29 19:53:24,0.026,No,No,Low
2026-01-29 19:53:28,0.026,No,No,Low
2026-01-29 19:53:33,0.032,No,No,Low
2026-01-29 19:53:37,0.024,No,No,Low
2026-01-29 19:53:42,0.027,No,No,Low
2026-01-29 19:53:46,0.026,No,No,Low
2026-01-29 19:53:51,0.027,No,No,Low
2026-01-29 19:53:56,0.025,No,No,Low
2026-01-29 19:54:00,0.027,No,No,Low
2026-01-29 19:54:05,0.023,No,No,Low
2026-01-29 19:54:09,0.028,No,No,Low
2026-01-29 19:54:14,0.019,No,No,Low
2026-01-29 19:54:18,0.027,No,No,Low
2026-01-29 19:54:23,0.028,No,No,Low
2026-01-29 19:54:27,0.027,No,No,Low
2026-01-29 19:54:32,0.026,No,No,Low
2026-01-29 19:54:36,0.024,Yes,No,Medium
2026-01-29 19:54:41,0.021,Yes,No,Medium
2026-01-29 19:54:46,0.029,Yes,No,Medium
2026-01-29 19:54:50,0.026,Yes,No,Medium
2026-01-29 19:54:55,0.021,Yes,No,Medium
2026-01-29 19:55:00,0.15,Yes,No,Medium
2026-01-29 19:55:04,0.137,Yes,No,Medium
2026-01-29 19:55:09,1.955,Yes,No,High
2026-01-29 19:55:14,1.659,Yes,No,High
2026-01-29 19:55:20,1.473,Yes,Yes,Critical
2026-01-29 19:55:49,0.028,Yes,Yes,Medium
2026-01-29 19:55:54,0.021,Yes,Yes,Medium
2026-01-29 19:55:59,0.029,Yes,Yes,Medium
2026-01-29 19:56:03,0.032,Yes,Yes,Medium
2026-01-29 19:56:08,0.032,Yes,Yes,Medium
2026-01-29 19:56:13,0.036,Yes,Yes,Medium
2026-01-29 19:56:17,0.022,Yes,Yes,Medium
2026-01-29 19:56:22,0.026,Yes,Yes,Medium
2026-01-29 20:34:52,0.03,Yes,No,Medium
2026-01-29 20:34:57,0.027,Yes,No,Medium
2026-01-29 20:35:02,0.023,Yes,No,Medium
2026-01-29 20:35:06,0.028,Yes,No,Medium
2026-01-29 20:35:11,0.032,Yes,No,Medium
2026-01-29 20:35:15,0.025,Yes,No,Medium
2026-01-29 20:35:20,0.025,Yes,No,Medium
2026-01-29 20:35:25,1.27,Yes,No,High
2026-01-29 20:35:30,0.193,Yes,No,Medium
2026-01-29 20:35:35,0.0,Yes,No,Medium
2026-01-29 20:35:40,0.273,Yes,No,Medium
2026-01-29 20:35:45,1.817,Yes,No,High
2026-01-29 20:35:50,0.793,Yes,No,High
2026-01-29 20:35:56,0.486,Yes,Yes,Critical
2026-01-29 20:36:26,0.421,Yes,Yes,Critical
2026-01-29 20:36:30,2.123,Yes,Yes,Critical
2026-01-29 20:36:35,0.592,Yes,Yes,Critical
2026-01-29 20:36:39,1.665,Yes,Yes,Critical
2026-01-29 20:36:44,1.152,Yes,Yes,Critical
2026-01-29 20:36:48,0.417,Yes,Yes,Critical
2026-01-29 20:36:53,0.756,Yes,Yes,Critical
2026-01-29 20:36:57,0.027,Yes,Yes,Medium
2026-01-29 20:37:02,0.028,Yes,Yes,Medium
2026-01-29 20:37:07,0.026,Yes,Yes,Medium
2026-01-29 20:37:11,0.022,Yes,Yes,Medium
2026-01-29 20:37:16,0.024,Yes,Yes,Medium
2026-01-29 20:37:21,0.03,Yes,Yes,Medium
2026-01-29 20:37:25,0.022,Yes,Yes,Medium
2026-01-29 20:37:30,0.023,Yes,Yes,Medium
2026-01-29 20:37:34,0.024,Yes,Yes,Medium
2026-01-29 20:37:39,0.027,Yes,Yes,Medium
2026-01-29 20:37:44,0.025,Yes,Yes,Medium
2026-01-29 20:37:49,0.034,Yes,Yes,Medium
2026-01-29 20:37:53,0.017,Yes,Yes,Medium
2026-01-29 20:37:58,0.026,Yes,Yes,Medium
2026-01-29 20:38:03,0.03,Yes,Yes,Medium
2026-01-29 20:38:07,0.03,Yes,Yes,Medium
2026-01-29 20:38:12,0.026,Yes,Yes,Medium
2026-01-29 20:41:20,0.025,Yes,No,Medium
2026-01-29 20:41:25,0.025,Yes,No,Medium
2026-01-29 20:41:30,0.031,Yes,No,Medium
2026-01-29 20:41:34,0.024,Yes,No,Medium
2026-01-29 20:41:39,0.026,Yes,No,Medium
2026-01-29 20:41:44,0.028,Yes,No,Medium
2026-01-29 20:41:49,0.028,Yes,No,Medium
2026-01-29 20:41:53,0.032,Yes,No,Medium
2026-01-29 20:41:58,0.027,Yes,No,Medium
2026-01-29 20:42:03,0.029,Yes,No,Medium
2026-01-29 20:42:07,0.03,Yes,No,Medium
2026-01-29 20:42:12,0.026,Yes,No,Medium
2026-01-29 20:42:16,0.027,Yes,No,Medium
2026-01-29 20:42:21,0.03,Yes,No,Medium
2026-01-29 20:42:26,0.03,Yes,No,Medium
2026-01-29 20:42:30,0.037,Yes,No,Medium
2026-01-29 20:42:35,0.033,Yes,No,Medium
2026-01-29 20:42:39,0.024,Yes,No,Medium
2026-01-29 20:42:44,0.032,Yes,No,Medium
2026-01-29 20:42:49,0.028,Yes,No,Medium
2026-01-29 20:42:53,0.022,Yes,No,Medium
2026-01-29 20:42:58,0.037,Yes,No,Medium
2026-01-29 20:43:02,0.028,Yes,No,Medium
2026-01-29 20:43:07,0.027,Yes,No,Medium
2026-01-29 20:43:12,0.031,Yes,No,Medium
2026-01-29 20:43:17,0.027,Yes,No,Medium
2026-01-29 20:43:21,0.03,Yes,No,Medium
2026-01-29 20:43:26,0.034,Yes,No,Medium
2026-01-29 20:43:31,0.028,Yes,No,Medium
2026-01-29 20:43:35,0.028,Yes,No,Medium
2026-01-29 20:43:40,0.021,Yes,No,Medium
2026-01-29 20:43:44,0.027,Yes,No,Medium
2026-01-29 20:43:49,0.022,Yes,No,Medium
2026-01-29 20:43:54,0.03,Yes,No,Medium
2026-01-29 20:43:58,0.026,Yes,No,Medium
2026-01-29 20:44:03,0.023,Yes,No,Medium
2026-01-29 20:44:07,0.027,Yes,No,Medium
2026-01-29 20:44:12,0.03,Yes,No,Medium
2026-01-29 20:44:17,0.029,Yes,No,Medium
2026-01-29 20:44:21,0.031,Yes,No,Medium
2026-01-29 20:44:26,0.03,Yes,No,Medium
2026-01-29 20:44:30,0.029,Yes,No,Medium
2026-01-29 20:44:35,0.027,Yes,No,Medium
2026-01-29 20:44:40,0.028,Yes,No,Medium
2026-01-29 20:44:44,0.027,Yes,No,Medium
2026-01-29 20:44:49,0.026,Yes,No,Medium
2026-01-29 20:44:54,0.026,Yes,No,Medium
2026-01-29 20:44:58,0.03,Yes,No,Medium
2026-01-29 20:45:03,0.023,Yes,No,Medium
2026-01-29 20:45:08,0.026,Yes,No,Medium
2026-01-29 20:45:12,0.026,Yes,No,Medium
2026-01-29 20:45:17,0.028,Yes,No,Medium
2026-01-29 20:45:22,0.025,Yes,No,Medium
2026-01-29 20:45:26,0.025,Yes,No,Medium
2026-01-29 20:45:31,0.029,Yes,No,Medium
2026-01-29 20:45:35,0.026,Yes,No,Medium
2026-01-29 20:45:40,0.024,Yes,No,Medium
2026-01-29 20:45:45,0.033,Yes,No,Medium
2026-01-29 20:45:50,0.028,Yes,No,Medium
2026-01-29 20:45:54,0.025,Yes,No,Medium
2026-01-29 20:45:59,0.03,Yes,No,Medium
2026-01-29 20:46:04,0.028,Yes,No,Medium
2026-01-29 20:46:09,0.027,Yes,No,Medium
2026-01-29 20:46:13,0.033,Yes,No,Medium
2026-01-29 20:46:18,0.027,Yes,No,Medium
2026-01-29 20:46:23,0.026,Yes,No,Medium
2026-01-29 20:46:28,0.027,Yes,No,Medium
2026-01-29 20:46:33,0.029,Yes,No,Medium
2026-01-29 20:46:38,0.029,Yes,No,Medium
2026-01-29 20:46:43,0.029,Yes,No,Medium
2026-01-29 20:46:51,0.027,Yes,No,Medium
2026-01-29 20:46:56,0.028,Yes,No,Medium
2026-01-29 20:47:01,0.026,Yes,No,Medium
2026-01-29 20:47:05,0.034,Yes,No,Medium
2026-01-29 20:47:10,0.028,Yes,No,Medium
2026-01-29 20:47:14,0.034,Yes,No,Medium
2026-01-29 20:47:19,0.029,Yes,No,Medium
2026-01-29 20:47:24,0.031,Yes,No,Medium
2026-01-29 20:47:28,0.025,Yes,No,Medium
2026-01-29 20:47:33,0.03,Yes,No,Medium
2026-01-29 20:47:38,0.03,Yes,No,Medium
2026-01-29 20:47:42,0.023,Yes,No,Medium
2026-01-29 20:47:48,0.035,Yes,No,Medium
2026-01-29 20:47:52,0.025,Yes,No,Medium
2026-01-29 20:47:57,0.027,Yes,No,Medium
2026-01-29 20:48:02,0.029,Yes,No,Medium
2026-01-29 20:48:07,0.027,Yes,No,Medium
2026-01-29 20:48:11,0.024,Yes,No,Medium
2026-01-29 20:48:16,0.032,Yes,No,Medium
2026-01-29 20:48:21,0.024,Yes,No,Medium
2026-01-29 20:48:25,0.032,Yes,No,Medium
2026-01-29 20:48:30,0.038,Yes,No,Medium
2026-01-29 20:48:35,0.028,Yes,No,Medium
2026-01-29 20:48:39,0.033,Yes,No,Medium
2026-01-29 20:48:44,0.032,Yes,No,Medium
2026-01-29 20:48:49,0.023,Yes,No,Medium
2026-01-29 20:48:54,0.027,Yes,No,Medium
2026-01-29 20:48:58,0.036,Yes,No,Medium
2026-01-29 20:49:03,0.03,Yes,No,Medium
2026-01-29 20:49:08,0.031,Yes,No,Medium
2026-01-29 20:49:12,0.032,Yes,No,Medium
2026-01-29 20:49:17,0.022,Yes,No,Medium
2026-01-29 20:49:22,0.017,Yes,No,Medium
2026-01-29 20:49:27,0.031,Yes,No,Medium
2026-01-29 20:49:32,0.025,Yes,No,Medium
2026-01-29 20:49:36,0.026,Yes,No,Medium
2026-01-29 20:49:41,0.027,Yes,No,Medium
2026-01-29 20:49:45,0.023,Yes,No,Medium
2026-01-29 20:49:50,0.032,Yes,No,Medium
2026-01-29 20:49:55,0.033,Yes,No,Medium
2026-01-29 20:49:59,0.03,Yes,No,Medium
2026-01-29 20:50:04,0.026,Yes,No,Medium
2026-01-29 20:50:09,0.03,Yes,No,Medium
2026-01-29 20:50:14,0.019,Yes,No,Medium
2026-01-29 20:50:18,0.036,Yes,No,Medium
2026-01-29 20:50:23,0.035,Yes,No,Medium
2026-01-29 20:50:27,0.033,Yes,No,Medium
2026-01-29 20:50:32,0.026,Yes,No,Medium
2026-01-29 20:50:37,0.026,Yes,No,Medium
2026-01-29 20:50:41,0.025,Yes,No,Medium
2026-01-29 20:50:46,0.03,Yes,No,Medium
2026-01-29 20:50:50,0.03,Yes,No,Medium
2026-01-29 20:50:55,0.022,Yes,No,Medium
2026-01-29 20:51:01,0.02,Yes,No,Medium
2026-01-29 20:51:06,0.024,Yes,No,Medium
2026-01-29 20:51:10,0.025,Yes,No,Medium
2026-01-29 20:51:15,0.025,Yes,No,Medium
2026-01-29 20:51:20,0.029,Yes,No,Medium
2026-01-29 20:51:24,0.027,Yes,No,Medium
2026-01-29 20:51:29,0.026,Yes,No,Medium
2026-01-29 20:51:34,0.038,Yes,No,Medium
2026-01-29 20:51:38,0.027,Yes,No,Medium
2026-01-29 20:51:43,0.029,Yes,No,Medium
2026-01-29 20:51:48,0.027,Yes,No,Medium
2026-01-29 20:51:53,0.022,Yes,No,Medium
2026-01-29 20:51:57,0.029,Yes,No,Medium
2026-01-29 20:52:02,0.027,Yes,No,Medium
2026-01-29 20:52:07,0.034,Yes,No,Medium
2026-01-29 20:52:11,0.026,Yes,No,Medium
2026-01-29 20:52:16,0.025,Yes,No,Medium
2026-01-29 20:52:21,0.025,Yes,No,Medium
2026-01-29 20:52:25,0.031,Yes,No,Medium
2026-01-29 20:52:30,0.032,Yes,No,Medium
2026-01-29 20:52:34,0.027,Yes,No,Medium
2026-01-29 20:52:39,0.028,Yes,No,Medium
2026-01-29 20:59:20,0.029,Yes,No,Medium
2026-01-29 20:59:25,0.031,Yes,No,Medium
2026-01-29 20:59:30,0.027,Yes,No,Medium
2026-01-29 20:59:35,0.028,Yes,No,Medium
2026-01-29 20:59:40,0.029,Yes,No,Medium
2026-01-29 20:59:45,0.03,Yes,No,Medium
2026-01-29 20:59:49,0.032,Yes,No,Medium
2026-01-29 20:59:54,0.023,Yes,No,Medium
2026-01-29 20:59:59,0.033,Yes,No,Medium
2026-01-29 21:00:03,0.03,Yes,No,Medium
2026-01-29 21:00:08,0.025,Yes,No,Medium
2026-01-29 21:00:13,0.028,Yes,No,Medium
2026-01-29 21:00:17,0.031,Yes,No,Medium
2026-01-29 21:00:22,0.03,Yes,No,Medium
2026-01-29 21:00:27,0.03,Yes,No,Medium
2026-01-29 21:00:31,0.029,Yes,No,Medium
2026-01-29 21:00:36,0.032,Yes,No,Medium
2026-01-29 21:00:41,0.027,Yes,No,Medium
2026-01-29 21:00:45,0.025,Yes,No,Medium
2026-01-29 21:00:50,0.031,Yes,No,Medium
2026-01-29 21:00:55,0.028,Yes,No,Medium
2026-01-29 21:01:00,0.026,Yes,No,Medium
2026-01-29 21:01:04,0.026,Yes,No,Medium
2026-01-29 21:01:09,0.026,Yes,No,Medium
2026-01-29 21:01:14,0.029,Yes,No,Medium
2026-01-29 21:01:18,0.032,Yes,No,Medium
2026-01-29 21:01:23,0.031,Yes,No,Medium
2026-01-29 21:01:28,0.029,Yes,No,Medium
2026-01-29 21:01:32,1.487,Yes,No,High
2026-01-29 21:01:38,0.159,Yes,No,Medium
2026-01-29 21:01:43,0.182,Yes,No,Medium
2026-01-29 21:01:48,0.929,Yes,No,High
2026-01-29 21:01:53,0.748,Yes,No,High
2026-01-29 21:01:59,0.036,Yes,No,Medium
2026-01-29 21:02:03,0.028,Yes,No,Medium
2026-01-29 21:02:08,0.021,Yes,No,Medium
2026-01-29 21:02:13,0.033,Yes,No,Medium
2026-01-29 21:02:18,0.024,Yes,No,Medium
2026-01-29 21:02:22,0.028,Yes,No,Medium
2026-01-29 21:02:27,0.028,Yes,No,Medium
2026-01-29 21:02:32,0.024,Yes,No,Medium
2026-01-29 21:02:36,0.019,Yes,No,Medium
2026-01-29 21:02:41,0.028,Yes,No,Medium
2026-01-29 21:02:46,0.026,Yes,No,Medium
2026-01-29 21:02:50,0.029,Yes,No,Medium
2026-01-29 21:02:55,0.029,Yes,No,Medium
2026-01-29 21:03:00,0.037,Yes,No,Medium
2026-01-29 21:03:04,0.023,Yes,No,Medium
2026-01-29 21:03:09,0.025,Yes,No,Medium
2026-01-29 21:03:15,0.028,Yes,No,Medium
2026-01-29 21:03:20,0.028,Yes,No,Medium
2026-01-29 21:03:25,0.028,Yes,No,Medium
2026-01-29 21:03:31,0.029,Yes,No,Medium
2026-01-29 21:03:36,0.03,Yes,No,Medium
2026-01-29 21:03:40,0.029,Yes,No,Medium
2026-01-29 21:03:46,0.024,Yes,No,Medium
2026-01-29 21:03:51,0.029,Yes,No,Medium
2026-01-29 21:03:56,0.026,Yes,No,Medium
2026-01-29 21:04:00,0.027,Yes,No,Medium
2026-01-29 21:04:05,0.03,Yes,No,Medium
2026-01-29 21:04:10,0.033,Yes,No,Medium
2026-01-29 21:04:15,0.031,Yes,No,Medium
2026-01-29 21:04:19,0.03,Yes,No,Medium
2026-01-29 21:04:24,0.029,Yes,No,Medium
2026-01-29 21:04:29,0.024,Yes,No,Medium
2026-01-29 21:04:33,0.029,Yes,No,Medium
2026-01-29 21:04:38,0.027,Yes,No,Medium
2026-01-29 21:04:43,0.03,Yes,No,Medium
2026-01-29 21:04:47,0.028,Yes,No,Medium
2026-01-29 21:04:52,0.031,Yes,No,Medium
2026-01-29 21:04:57,0.03,Yes,No,Medium
2026-01-29 21:05:01,0.027,Yes,No,Medium
2026-01-29 21:05:06,0.025,Yes,No,Medium
2026-01-29 21:05:11,0.028,Yes,No,Medium
2026-01-29 21:05:15,0.031,Yes,No,Medium
2026-01-29 21:05:20,0.028,Yes,No,Medium
2026-01-29 21:05:25,0.028,Yes,No,Medium
2026-01-29 21:05:29,0.024,Yes,No,Medium
2026-01-29 21:05:34,0.025,Yes,No,Medium
2026-01-29 21:05:39,0.025,Yes,No,Medium
2026-01-29 21:05:44,0.028,Yes,No,Medium
2026-01-29 21:05:48,0.027,Yes,No,Medium
2026-01-29 21:05:53,0.028,Yes,No,Medium
2026-01-29 21:05:58,0.023,Yes,No,Medium
2026-01-29 21:06:02,0.027,Yes,No,Medium
2026-01-29 21:06:07,0.03,Yes,No,Medium
2026-01-29 21:06:12,0.025,Yes,No,Medium
2026-01-29 21:06:17,0.024,Yes,No,Medium
2026-01-29 21:06:22,0.029,Yes,No,Medium
2026-01-29 21:06:26,0.029,Yes,No,Medium
2026-01-29 21:06:31,0.031,Yes,No,Medium
2026-01-29 21:06:36,0.022,Yes,No,Medium
2026-01-29 21:06:40,0.027,Yes,No,Medium
2026-01-29 21:06:46,0.028,Yes,No,Medium
2026-01-29 21:06:51,0.026,Yes,No,Medium
2026-01-29 21:06:55,0.033,Yes,No,Medium
2026-01-29 21:07:00,0.025,Yes,No,Medium
2026-01-29 21:07:07,0.026,Yes,No,Medium
2026-01-29 21:07:12,0.024,Yes,No,Medium
2026-01-29 21:07:17,0.031,Yes,No,Medium
2026-01-29 21:07:21,0.024,Yes,No,Medium
2026-01-29 21:07:26,0.028,Yes,No,Medium
2026-01-29 21:07:30,0.029,Yes,No,Medium
2026-01-29 21:07:35,0.025,Yes,No,Medium
2026-01-29 21:07:40,0.026,Yes,No,Medium
2026-01-29 21:07:44,0.034,Yes,No,Medium
2026-01-29 21:07:49,0.026,Yes,No,Medium
2026-01-29 21:07:53,0.026,Yes,No,Medium
2026-01-29 21:07:58,0.029,Yes,No,Medium
2026-01-29 21:08:03,0.027,Yes,No,Medium
2026-01-29 21:08:07,0.027,Yes,No,Medium
2026-01-29 21:08:12,0.028,Yes,No,Medium
2026-01-29 21:08:17,0.03,Yes,No,Medium
2026-01-29 21:08:21,0.025,Yes,No,Medium
2026-01-29 21:08:27,0.026,Yes,No,Medium
2026-01-29 21:08:32,0.026,Yes,No,Medium
2026-01-29 21:08:36,0.028,Yes,No,Medium
2026-01-29 21:08:41,0.028,Yes,No,Medium
2026-01-29 21:08:46,0.028,Yes,No,Medium
2026-01-29 21:08:50,0.025,Yes,No,Medium
2026-01-29 21:08:55,0.029,Yes,No,Medium
2026-01-29 21:09:00,0.023,Yes,No,Medium
2026-01-29 21:09:04,0.026,Yes,No,Medium
2026-01-29 21:09:09,0.023,Yes,No,Medium
2026-01-29 21:09:13,0.028,Yes,No,Medium
2026-01-29 21:09:18,0.03,Yes,No,Medium
2026-01-29 21:09:23,0.025,Yes,No,Medium
2026-01-29 21:09:27,0.025,Yes,No,Medium
2026-01-29 21:09:32,0.019,Yes,No,Medium
2026-01-29 21:09:37,0.029,Yes,No,Medium
2026-01-29 21:09:42,0.024,Yes,No,Medium
2026-01-29 21:09:46,0.029,Yes,No,Medium
2026-01-29 21:09:51,0.028,Yes,No,Medium
2026-01-29 21:09:56,0.029,Yes,No,Medium
2026-01-29 21:10:01,0.03,Yes,No,Medium
2026-01-29 21:10:06,0.028,Yes,No,Medium
2026-01-29 21:10:10,0.025,Yes,No,Medium
2026-01-29 21:10:15,0.025,Yes,No,Medium
2026-01-29 21:10:20,0.027,Yes,No,Medium
2026-01-29 21:10:26,0.025,Yes,No,Medium
2026-01-29 21:10:31,0.027,Yes,No,Medium
2026-01-29 21:10:36,0.019,Yes,No,Medium
2026-01-29 21:10:41,0.023,Yes,No,Medium
2026-01-29 21:10:47,0.029,Yes,No,Medium
2026-01-29 21:10:52,0.03,Yes,No,Medium
2026-01-29 21:10:56,0.024,Yes,No,Medium
2026-01-29 21:11:01,0.026,Yes,No,Medium
2026-01-29 21:11:06,0.03,Yes,No,Medium
2026-01-29 21:11:11,0.025,Yes,No,Medium
2026-01-29 21:11:15,0.028,Yes,No,Medium
2026-01-29 21:11:20,0.027,Yes,No,Medium
2026-01-29 21:11:25,0.031,Yes,No,Medium
2026-01-29 21:11:29,0.026,Yes,No,Medium
2026-01-29 21:11:34,0.027,Yes,No,Medium
2026-01-29 21:11:39,0.028,Yes,No,Medium
2026-01-29 21:11:44,0.024,Yes,No,Medium
2026-01-29 21:11:49,0.028,Yes,No,Medium
2026-01-29 21:11:54,0.027,Yes,No,Medium
2026-01-29 21:11:59,0.034,Yes,No,Medium
2026-01-29 21:12:04,0.026,Yes,No,Medium
2026-01-29 21:12:10,0.029,Yes,No,Medium
2026-01-29 21:12:17,0.024,Yes,No,Medium
2026-01-29 21:12:22,0.019,Yes,No,Medium
2026-01-29 21:12:27,0.021,Yes,No,Medium
2026-01-29 21:12:31,0.029,Yes,No,Medium
2026-01-29 21:12:36,0.028,Yes,No,Medium
2026-01-29 21:12:41,0.024,Yes,No,Medium
2026-01-29 21:12:46,0.022,Yes,No,Medium
2026-01-29 21:12:50,0.029,Yes,No,Medium
2026-01-29 21:12:55,0.03,Yes,No,Medium
2026-01-29 21:13:00,0.025,Yes,No,Medium
2026-01-29 21:13:04,0.028,Yes,No,Medium
2026-01-29 21:13:09,0.029,Yes,No,Medium
2026-01-29 21:13:14,0.025,Yes,No,Medium
2026-01-29 21:13:19,0.021,Yes,No,Medium
2026-01-29 21:13:24,0.037,Yes,No,Medium
2026-01-29 21:13:29,0.02,Yes,No,Medium
2026-01-29 21:13:34,0.032,Yes,No,Medium
2026-01-29 21:13:38,0.026,Yes,No,Medium
2026-01-29 21:13:43,0.023,Yes,No,Medium
2026-01-29 21:13:48,0.033,Yes,No,Medium
2026-01-29 21:13:52,0.026,Yes,No,Medium
2026-01-29 21:13:57,0.023,Yes,No,Medium
2026-01-29 21:14:01,0.03,Yes,No,Medium
Unknown,0.024,Yes,No,Medium
2026-01-29 21:26:11,0.022,Yes,No,Medium
2026-01-29 21:26:16,0.029,Yes,No,Medium
2026-01-29 21:26:21,0.022,Yes,No,Medium
2026-01-29 21:26:26,0.025,Yes,No,Medium
2026-01-29 21:26:30,0.03,Yes,No,Medium
2026-01-29 21:26:35,0.024,Yes,No,Medium
2026-01-29 21:26:40,0.022,Yes,No,Medium
2026-01-29 21:26:44,0.027,Yes,No,Medium
2026-01-29 21:26:50,0.028,Yes,No,Medium
2026-01-29 21:26:54,0.027,Yes,No,Medium
2026-01-29 21:26:59,0.021,Yes,No,Medium
2026-01-29 21:27:04,0.025,Yes,No,Medium
2026-01-29 21:27:08,0.025,Yes,No,Medium
2026-01-29 21:27:13,0.023,Yes,No,Medium
2026-01-29 21:27:18,0.019,Yes,No,Medium
2026-01-29 21:27:23,0.032,Yes,No,Medium
2026-01-29 21:27:27,0.02,Yes,No,Medium
2026-01-29 21:27:32,0.023,Yes,No,Medium
2026-01-29 21:27:37,0.025,Yes,No,Medium
2026-01-29 21:27:41,0.025,Yes,No,Medium
2026-01-29 21:27:46,0.027,Yes,No,Medium
2026-01-29 21:27:51,0.024,Yes,No,Medium
2026-01-29 21:27:55,0.024,Yes,No,Medium
