timestamp,water_level_cm,rain_intensity_percent,water_sensor_percent,flood_detected
2025-11-06 12:00:00,87.45401188473625,18.513292883861965,26.170568373590598,No
2025-11-06 12:00:05,145.07143064099162,54.190094737835814,24.697879907199983,No
2025-11-06 12:00:10,123.1993941811405,87.29458358764083,90.62545805210367,No
2025-11-06 12:00:15,109.86584841970367,73.22248864095612,24.95461998495061,No
2025-11-06 12:00:20,65.60186404424365,80.65611478614497,27.1949726128631,No
2025-11-06 12:00:25,65.59945203362027,65.87833667107174,75.93982624179637,No
2025-11-06 12:00:30,55.80836121681995,69.22765645178525,44.973984245054,No
2025-11-06 12:00:35,136.6176145774935,84.91956515653193,77.67105569551812,Yes
2025-11-06 12:00:40,110.11150117432088,24.966800885918595,6.536615756438524,No
2025-11-06 12:00:45,120.80725777960456,48.942496364314046,48.75711936733843,Yes
2025-11-06 12:00:50,52.05844942958024,22.120944181960223,3.3613600183282633,No
2025-11-06 12:00:55,146.99098521619942,98.7668007996647,6.265320345535452,No
2025-11-06 12:01:00,133.24426408004217,94.40593396866133,90.64374533444109,No
2025-11-06 12:01:05,71.23391106782762,3.94268113685059,13.924537111759516,No
2025-11-06 12:01:10,68.18249672071006,70.55751725156884,53.24206822752171,No
2025-11-06 12:01:15,68.34045098534338,92.52483174156659,41.10956026007065,No
2025-11-06 12:01:20,80.42422429595376,18.057534512733355,34.73433262588427,No
2025-11-06 12:01:25,102.4756431632238,56.79452305526295,89.98333456872724,No
2025-11-06 12:01:30,93.19450186421157,91.54882975880419,2.18233967754895,Yes
2025-11-06 12:01:35,79.1229140198042,3.394597858579884,66.37896861755891,No
2025-11-06 12:01:40,111.18528947223794,69.742026724684,96.33944342135504,No
2025-11-06 12:01:45,63.94938606520418,29.734900737255078,56.016818346184195,No
2025-11-06 12:01:50,79.21446485352182,92.43961953765304,93.68224620330918,No
2025-11-06 12:01:55,86.63618432936917,97.10582451653677,5.225787928602377,No
2025-11-06 12:02:00,95.6069984217036,94.42664891134339,41.87933190741614,Yes
2025-11-06 12:02:05,128.51759613930136,47.42142166574638,26.015779096205115,No
2025-11-06 12:02:10,69.96737821583598,86.20426509893134,73.08209649807299,No
2025-11-06 12:02:15,101.42344384136116,84.45493985350704,98.12970904972467,No
2025-11-06 12:02:20,109.24145688620425,31.910047324325564,25.65300624442478,No
2025-11-06 12:02:25,54.64504127199977,82.89154741506773,65.41746014740745,No
2025-11-06 12:02:30,110.75448519014384,3.700763471549262,19.809763275974014,No
2025-11-06 12:02:35,67.05241236872915,59.6269878482053,56.53302545716099,No
2025-11-06 12:02:40,56.50515929852795,23.000883728770305,46.39324866883362,No
2025-11-06 12:02:45,144.88855372533334,12.056688577727881,97.2005329631537,No
2025-11-06 12:02:50,146.56320330745592,7.695320162920916,60.85272726964666,No
2025-11-06 12:02:55,130.8397348116461,69.62887758781397,34.950637208681876,No
2025-11-06 12:03:00,80.46137691733708,33.98749637680661,11.409578488793336,No
2025-11-06 12:03:05,59.76721140063839,72.47667715287615,15.124682873493455,No
2025-11-06 12:03:10,118.42330265121569,6.535634079894237,22.53169299512351,Yes
2025-11-06 12:03:15,94.01524937396013,31.529033783061035,25.0966661340298,No
2025-11-06 12:03:20,62.20382348447788,53.949129237533725,85.06160578411378,No
2025-11-06 12:03:25,99.51769101112703,79.07231648389636,56.12227882825249,No
2025-11-06 12:03:30,53.43885211152184,31.875250293206992,52.33909113743665,No
2025-11-06 12:03:35,140.9320402078782,62.58913764370091,11.476887186921747,No
2025-11-06 12:03:40,75.8779981600017,88.5977748236187,86.0139693349435,No
2025-11-06 12:03:45,116.2522284353982,61.58631881823046,72.28143032084837,No
2025-11-06 12:03:50,81.1711076089411,23.295947475363377,6.766836190000158,No
2025-11-06 12:03:55,102.00680211778108,2.440078155653802,70.78350972297687,No
2025-11-06 12:04:00,104.67102793432797,87.00988739009298,54.353821734264606,No
2025-11-06 12:04:05,68.4854455525527,2.126941085038714,8.172534574677826,No
2025-11-06 12:04:10,146.95846277645586,87.47016726841994,45.830064152865646,No
2025-11-06 12:04:15,127.51328233611146,52.8937134027212,48.469628713004695,No
2025-11-06 12:04:20,143.9498941564189,93.90676985128962,16.577454016327575,No
2025-11-06 12:04:25,139.4827350427649,79.87832357736654,94.56981470002823,No
2025-11-06 12:04:30,109.78999788110852,99.79341105333374,84.99753714806619,No
2025-11-06 12:04:35,142.18742350231167,35.071181545171015,66.90223373291083,No
2025-11-06 12:04:40,58.84925020519195,76.71882889311269,46.22955610006072,No
2025-11-06 12:04:45,69.59828624191452,40.193091360924214,41.17655415845085,Yes
2025-11-06 12:04:50,54.52272889105381,47.98756203039088,65.09734671509541,Yes
2025-11-06 12:04:55,82.53303307632643,62.75054632183701,54.543186940690546,No
2025-11-06 12:05:00,88.8677289689482,87.36771141863387,6.227310588188562,No
2025-11-06 12:05:05,77.13490317738959,98.40834691992951,51.25026487703317,Yes
2025-11-06 12:05:10,132.87375091519294,76.82734138645182,80.64036172328395,No
2025-11-06 12:05:15,85.67533266935894,41.77667821673337,45.923987759695805,No
2025-11-06 12:05:20,78.09345096873807,42.13570022770702,5.195657755426842,No
2025-11-06 12:05:25,104.26960831582485,73.75823015888915,78.6278199384033,No
2025-11-06 12:05:30,64.09242249747626,23.877714576830233,20.13637821359744,Yes
2025-11-06 12:05:35,130.21969807540398,11.047411313139467,25.862083488803876,No
2025-11-06 12:05:40,57.45506436797708,35.462215764077655,16.47063534322959,No
2025-11-06 12:05:45,148.68869366005174,28.723899165408174,33.02150648714976,No
2025-11-06 12:05:50,127.22447692966574,29.630812045599008,75.6751505688635,No
2025-11-06 12:05:55,69.87156815341724,23.360775104990992,51.93858595039374,No
2025-11-06 12:06:00,50.55221171236024,4.209318963636188,20.488127415071254,No
2025-11-06 12:06:05,131.54614284548342,1.787393473341381,87.78300781520409,No
2025-11-06 12:06:10,120.68573438476172,98.77223897360315,87.95818549515292,No
2025-11-06 12:06:15,122.90071680409874,42.77731337358623,87.05784250460069,No
2025-11-06 12:06:20,127.12703466859458,38.432664715968166,23.87962113815393,No
2025-11-06 12:06:25,57.40446517340904,67.96472826930699,45.12393441809881,No
2025-11-06 12:06:30,85.84657285442725,21.825388786506416,98.49896561408751,No
2025-11-06 12:06:35,61.58690595251297,94.99611839502253,77.20124763099903,No
2025-11-06 12:06:40,136.31034258755935,78.6345014415552,2.716742122555982,No
2025-11-06 12:06:45,112.3298126827558,8.94110023122595,6.5204591260492055,No
2025-11-06 12:06:50,83.08980248526493,41.75807757849284,46.39313768123328,No
2025-11-06 12:06:55,56.355835028602364,87.91183075621647,90.92202058615601,No
2025-11-06 12:07:00,81.09823217156622,94.47320222914102,53.870179795271426,No
2025-11-06 12:07:05,82.51833220267471,46.74015112498697,49.781250803429025,No
2025-11-06 12:07:10,122.96061783380641,61.34113892107077,10.547369995663058,No
2025-11-06 12:07:15,113.75574713552132,16.70339460920752,65.6780104724294,Yes
2025-11-06 12:07:20,138.72127425763267,99.11686261369765,82.21031606002255,No
2025-11-06 12:07:25,97.22149251619493,23.16717013834434,38.04200075075623,No
2025-11-06 12:07:30,61.95942459383017,94.27317741351257,77.56118509253275,No
2025-11-06 12:07:35,121.3244787222995,64.96466489923685,96.44766539008116,No
2025-11-06 12:07:40,126.07850486168974,60.773679487885914,20.376645912768907,No
2025-11-06 12:07:45,106.12771975694963,51.26885110165086,52.33296311947413,No
2025-11-06 12:07:50,127.0967179954561,23.06698117177587,28.713795808457554,No
2025-11-06 12:07:55,99.37955963643907,17.652803200550828,79.28544190338394,No
2025-11-06 12:08:00,102.2732829381994,22.048620907017536,57.75933658811575,No
2025-11-06 12:08:05,92.75410183585495,18.643826214425452,63.45824175503038,No
2025-11-06 12:08:10,52.54191267440952,77.95844735667534,79.79141596158941,Yes
2025-11-06 12:08:15,60.78914269933044,35.01252591667301,39.59704726624549,No
2025-11-06 12:08:20,53.14291856867342,5.784267656339637,91.50900684070432,Yes
2025-11-06 12:08:25,113.64104112637804,96.91026301408114,53.302886724614,No
2025-11-06 12:08:30,81.43559810763267,88.37858849634257,15.7954822835348,No
2025-11-06 12:08:35,100.85706911647029,92.77522831952129,69.58991181688025,No
2025-11-06 12:08:40,140.7566473926093,99.49078226464353,79.32613504382545,No
2025-11-06 12:08:45,74.92922291488749,17.38952492194873,31.67616770675267,No
2025-11-06 12:08:50,91.03829230356297,39.62420189026587,85.7179256998753,No
2025-11-06 12:08:55,125.55511385430486,75.82384757040913,90.61432547657664,Yes
2025-11-06 12:09:00,72.87981654916224,69.60206180537922,27.690448737780894,No
2025-11-06 12:09:05,57.6979909828793,15.389590633985506,98.3521472715222,No
2025-11-06 12:09:10,78.9751452913768,81.58331249906178,14.071152804875842,No
2025-11-06 12:09:15,66.12212872540044,22.444057183666068,20.201566840248997,No
2025-11-06 12:09:20,142.9697652342573,22.38176148226231,18.422483923802613,No
2025-11-06 12:09:25,130.8120379564417,53.69744228934136,89.39897100078704,Yes
2025-11-06 12:09:30,113.34037565104234,59.293993484170315,65.42925523249619,No
2025-11-06 12:09:35,137.14605901877178,58.00862078378112,15.210428322227287,No
2025-11-06 12:09:40,130.36720768991145,9.148683739775487,44.032341836834895,No
2025-11-06 12:09:45,68.65700588860358,87.74608626303804,61.529802506980204,Yes
2025-11-06 12:09:50,139.25589984899779,26.560004258870606,8.34640849893833,No
2025-11-06 12:09:55,103.93422419156508,12.951492128280417,88.24163684073388,No
2025-11-06 12:10:00,130.74401551640625,88.87480798689772,80.36035354415351,No
2025-11-06 12:10:05,139.60912999234932,95.56514982297534,50.52067735766382,No
2025-11-06 12:10:10,81.80034749718638,86.21276172654507,96.71266152591704,Yes
2025-11-06 12:10:15,61.00519245276767,80.95160747248781,41.77609792750997,No
2025-11-06 12:10:20,72.79351625419417,65.52419806390218,98.41103190364979,No
2025-11-06 12:10:25,92.71077886262563,55.08573706091393,66.79199988036271,No
2025-11-06 12:10:30,131.80147659224932,8.698675991141014,63.467127325394145,No
2025-11-06 12:10:35,136.07305832563435,40.845321307069874,16.5954895295785,Yes
2025-11-06 12:10:40,50.69521305311907,37.2688517012314,88.1927758304644,No
2025-11-06 12:10:45,101.07473025775657,25.97537837603262,42.74896879206152,No
2025-11-06 12:10:50,91.7411003148779,72.3420113688585,16.223340578247935,No
2025-11-06 12:10:55,72.21078104707303,49.58757350787708,1.260751997575904,No
2025-11-06 12:11:00,61.98653673336828,8.104621590764793,55.975568363838256,No
2025-11-06 12:11:05,83.7615171403628,22.018320194981133,52.739962212267635,No
2025-11-06 12:11:10,144.2909703912519,68.32587636595959,71.93536223691585,No
2025-11-06 12:11:15,82.32029320207553,7.613085949030019,89.02580530178021,No
2025-11-06 12:11:20,101.87906217433661,85.12069140487687,7.9406584643029525,No
2025-11-06 12:11:25,120.30189588951778,49.51465270139743,73.14964903403623,No
2025-11-06 12:11:30,86.3629602379294,48.0586577326648,18.741194409758222,No
2025-11-06 12:11:35,147.17820827209607,59.24077846595176,85.8177053157164,Yes
2025-11-06 12:11:40,146.24472949421113,82.46809659251491,81.90635138616561,No
2025-11-06 12:11:45,75.17822958253642,34.780920790219305,54.07937549855444,No
2025-11-06 12:11:50,99.72485058923854,67.80161525590636,71.02427986233116,No
2025-11-06 12:11:55,80.08783098167697,56.5731963995791,31.43501131837484,No
2025-11-06 12:12:00,78.48404943774676,26.70282701694213,47.116789893281464,No
2025-11-06 12:12:05,53.68869473545328,87.8629986355158,82.16368977104716,No
2025-11-06 12:12:10,110.95643339798968,79.74260216069281,45.92651971732139,No
2025-11-06 12:12:15,100.26790232288616,65.84518346584255,35.77982653254418,No
2025-11-06 12:12:20,55.14787512499893,85.05817290942419,49.421244725029986,No
2025-11-06 12:12:25,77.86464642366114,86.72942009598023,82.82492524372184,No
2025-11-06 12:12:30,140.82658859666537,70.83629767150347,33.520804737087275,No
2025-11-06 12:12:35,73.95618906669725,83.7013328363672,17.37615931357438,No
2025-11-06 12:12:40,64.4894872091223,69.74714616692836,71.20140203307808,No
2025-11-06 12:12:45,98.94527602775631,68.01407717603004,82.59782127080818,No
2025-11-06 12:12:50,148.56504541106005,61.86113782151843,10.063747852353334,No
2025-11-06 12:12:55,74.20552715115004,75.27166395576413,23.98741127559447,No
2025-11-06 12:13:00,117.21355474058785,15.86051052930737,14.19719897609939,No
2025-11-06 12:13:05,126.16196153287176,88.08707591989284,34.79414115821666,Yes
2025-11-06 12:13:10,73.76375439923997,87.1843527745232,45.035097890541266,No
2025-11-06 12:13:15,122.82163486118596,2.9247283034559146,74.88263369633064,No
2025-11-06 12:13:20,86.77831327192533,82.58167505647627,65.11475848816741,No
2025-11-06 12:13:25,113.23058305935794,12.886986747344519,62.092856747843115,Yes
2025-11-06 12:13:30,113.35297107608946,33.51188542591419,35.23749466096544,No
2025-11-06 12:13:35,103.57746840747585,74.35082562916078,84.144755308476,No
2025-11-06 12:13:40,59.02897700544083,16.07598960483082,47.128716739816454,Yes
2025-11-06 12:13:45,133.5302495589238,81.79670241190622,97.91049380151546,No
2025-11-06 12:13:50,82.07800649717359,83.21341779577419,63.41421382957368,No
2025-11-06 12:13:55,68.65185103998542,50.746773376083624,12.626474156450273,No
2025-11-06 12:14:00,54.07751415547639,0.638587171683358,67.6177562075434,No
2025-11-06 12:14:05,109.08929431882419,28.703813317491278,32.5104015431699,No
2025-11-06 12:14:10,117.75643618422824,61.69269183757422,68.63271966860974,No
2025-11-06 12:14:15,51.65878289278562,98.11861780274235,6.964114816240574,No
2025-11-06 12:14:20,101.2093058299281,63.18135270166684,17.48814371759594,No
2025-11-06 12:14:25,72.6495775197938,25.98035810641598,85.57372589057863,No
2025-11-06 12:14:30,114.51727904094498,63.40057030996113,22.71795570235149,Yes
2025-11-06 12:14:35,67.43664290049915,53.99853797158555,83.704112524294,No
2025-11-06 12:14:40,119.09377381024659,77.98453951511436,27.927608845441043,No
2025-11-06 12:14:45,88.67353463005374,10.698063882695841,64.28819100587077,No
2025-11-06 12:14:50,143.67299887367346,76.1027902502028,69.4150573509831,No
2025-11-06 12:14:55,63.75209441459933,54.12665786761103,51.265475314505295,No
2025-11-06 12:15:00,84.10663510502584,96.29920038589947,30.531067669673128,No
2025-11-06 12:15:05,61.34735212405891,34.187216603868606,21.264437637109612,No
2025-11-06 12:15:10,142.4693618278563,63.26218931339481,3.318935456242622,No
2025-11-06 12:15:15,137.7339353380981,93.20281055100175,30.39464012407238,No
2025-11-06 12:15:20,75.79416277151556,10.250972799067926,65.3162790531283,No
2025-11-06 12:15:25,115.99840460341791,93.72284872364511,93.83048184484826,No
2025-11-06 12:15:30,131.7222200201216,68.78857223008133,87.1204482263052,No
2025-11-06 12:15:35,105.52008115994623,6.78370591051719,76.60647765353026,No
2025-11-06 12:15:40,102.96505783560065,30.096356694681624,78.84473432532987,No
2025-11-06 12:15:45,74.18522909004517,70.81720886452815,66.49849034759953,No
2025-11-06 12:15:50,59.31027678058992,6.73506014687717,26.0286857566003,No
2025-11-06 12:15:55,139.72157579533268,58.217046017627325,90.71950307058299,No
2025-11-06 12:16:00,140.04180571633304,34.588305695295674,67.0732311905834,No
2025-11-06 12:16:05,113.31014572732678,62.091551776747714,56.04406309804399,No
2025-11-06 12:16:10,83.90297910487007,4.5742033812512854,11.098946921348107,No
2025-11-06 12:16:15,84.92095746126608,87.15368061523763,44.70555438064254,No
2025-11-06 12:16:20,122.59556788702393,97.3488969177397,46.03582712019263,No
2025-11-06 12:16:25,139.71102599525773,96.88778552856915,86.45636095226699,No
2025-11-06 12:16:30,138.70864242651174,74.96518317429248,54.66482201877885,No
2025-11-06 12:16:35,127.98755458576238,13.008624013063198,38.04005489704097,No
2025-11-06 12:16:40,114.20316461542878,75.82631959290225,97.68003285106593,No
2025-11-06 12:16:45,58.41399649950488,2.458691645880151,11.072059332631568,No
2025-11-06 12:16:50,66.16287140946137,2.2123551528997254,42.25484283119446,No
2025-11-06 12:16:55,139.85541885270794,32.36102191495412,4.202467517140529,No
2025-11-06 12:17:00,110.64290596595899,48.864319040466576,73.99041207669303,No
2025-11-06 12:17:05,50.91970516166297,77.04074178077931,91.80765521991506,No
2025-11-06 12:17:10,60.14715428660321,68.32953766065052,28.003732955048942,No
2025-11-06 12:17:15,116.35017691080559,44.590270637674834,85.83416767991208,No
2025-11-06 12:17:20,50.50615838462187,27.362666628166586,29.221823046189776,No
2025-11-06 12:17:25,66.08080514174986,99.71245001577111,91.07701616439152,No
2025-11-06 12:17:30,104.87337893665861,42.6181302235973,75.3961903596784,No
2025-11-06 12:17:35,119.18951976926932,45.13870243296755,80.49067768414386,No
2025-11-06 12:17:40,115.19612595026005,16.362382119166917,1.80065556004545,No
2025-11-06 12:17:45,72.42693094605598,79.48095487499293,96.2810357074026,No
2025-11-06 12:17:50,121.2179221347536,69.36822257814886,72.66709920703232,No
2025-11-06 12:17:55,73.72490874968001,22.07696127887604,30.47510953861333,No
2025-11-06 12:18:00,82.53996981592678,8.238104561584269,82.9394664858847,No
2025-11-06 12:18:05,124.64914051180241,68.0499302074713,28.152119841492997,Yes
2025-11-06 12:18:10,114.96328990472146,65.45112142811352,87.2753839566128,No
2025-11-06 12:18:15,134.9223410494178,27.32595269982093,11.258039041193701,No
2025-11-06 12:18:20,115.76128923003434,95.08635622504103,70.36859774607957,No
2025-11-06 12:18:25,106.83086033354716,15.105789178090024,54.069847664491036,No
2025-11-06 12:18:30,59.36747678280925,43.23348010426019,9.653447019544082,Yes
2025-11-06 12:18:35,86.77158030594336,94.36159201675989,24.189382825883897,Yes
2025-11-06 12:18:40,76.52023676817254,41.97273169261223,1.240403627731479,No
2025-11-06 12:18:45,74.39896433790835,63.85259476640856,46.876796546450585,No
2025-11-06 12:18:50,147.30105547524454,39.75943979627943,30.126526076000037,No
2025-11-06 12:18:55,89.30977246667604,27.421520234867003,59.83574842977588,No
2025-11-06 12:19:00,139.20465551771133,98.39776479598282,29.72378077086172,No
2025-11-06 12:19:05,113.11386259972629,40.9334006315043,29.99191115069847,No
2025-11-06 12:19:10,129.48113035416486,89.40992036791344,74.31931987316034,No
2025-11-06 12:19:15,100.2637093105192,22.995460589108617,4.814283597835345,No
2025-11-06 12:19:20,107.69038846263591,21.31047040250833,90.28949951919873,No
2025-11-06 12:19:25,99.25176938188639,3.113408288451136,85.22638743911814,Yes
2025-11-06 12:19:30,69.52429877980445,65.1666825375885,66.78046832264066,No
2025-11-06 12:19:35,122.24521152615053,36.852634372376116,59.32215701073843,No
2025-11-06 12:19:40,78.07723624408558,86.4358249839637,89.23024981396523,No
2025-11-06 12:19:45,52.43159664314538,47.32099066915572,18.533017952871443,No
2025-11-06 12:19:50,114.54722959071678,96.81934279147217,7.896916219082861,No
2025-11-06 12:19:55,67.7110679407049,18.552551570312115,23.95101699095381,No
2025-11-06 12:20:00,144.04585843529145,86.86231679556109,79.45782787001903,No
2025-11-06 12:20:05,145.39285770025873,77.65968527917417,3.4670266726483323,No
2025-11-06 12:20:10,141.48643902204486,77.0921844644052,58.280683508348964,No
2025-11-06 12:20:15,87.01587002554444,84.47832281168877,99.54375161913099,No
2025-11-06 12:20:20,51.54566165288674,76.10239909429988,85.56960938375394,No
2025-11-06 12:20:25,142.83185625877252,62.62203216314154,52.14456890435895,No
2025-11-06 12:20:30,92.81841483173143,13.124487768238758,6.364090928664234,No
2025-11-06 12:20:35,146.66548190436697,3.2526179491251916,83.13735143857099,No
2025-11-06 12:20:40,146.3619977089253,92.08478478156869,59.89785081772106,No
2025-11-06 12:20:45,135.300945546736,61.665031452073805,11.493299705956684,No
2025-11-06 12:20:50,79.44488920695856,79.65372909761763,9.38572848233562,No
2025-11-06 12:20:55,88.50977286019253,48.152235151255006,90.96268194365923,No
2025-11-06 12:21:00,135.1136671516857,11.730818896239448,66.92002629380784,No
2025-11-06 12:21:05,81.69220051562777,12.518579220255043,82.92867993167555,No
2025-11-06 12:21:10,66.94927466860925,68.55652872289714,87.89789002822673,No
2025-11-06 12:21:15,105.68012624583501,43.030589489946266,57.17723520483222,No
2025-11-06 12:21:20,143.61547741607808,20.052472670033673,51.74463517550413,No
2025-11-06 12:21:25,119.6029796674973,49.15945467414369,43.042741032099016,No
2025-11-06 12:21:30,107.0061170089365,6.420893707513409,31.69465877911193,No
2025-11-06 12:21:35,59.71764937707685,58.19714019143988,43.459596085871176,No
2025-11-06 12:21:40,111.50072266991697,26.899340443509768,77.38796557301563,No
2025-11-06 12:21:45,149.00538501042632,79.75591006371882,60.19234310151316,No
2025-11-06 12:21:50,64.0084015236524,31.036195892357377,89.2523289954846,No
2025-11-06 12:21:55,101.83296523637367,45.52201490818012,44.33800143791877,Yes
2025-11-06 12:22:00,137.73730719279553,1.1620539908100636,60.7089578718754,No
2025-11-06 12:22:05,124.07686177542044,7.244688779455888,63.130755309198875,Yes
2025-11-06 12:22:10,119.7015740995268,39.24935564066848,59.16971623063255,No
2025-11-06 12:22:15,120.24840839871092,47.99388347171235,70.26337730855164,No
2025-11-06 12:22:20,85.94911512197552,60.00205481193037,23.74334683748063,No
2025-11-06 12:22:25,79.35918442644933,29.166257870930323,51.23637775457907,No
2025-11-06 12:22:30,130.93611554785136,69.49818861265426,10.422480280834767,No
2025-11-06 12:22:35,131.01133946791808,86.01223971892045,38.45113276448126,Yes
2025-11-06 12:22:40,136.70723185801037,77.98509888933498,48.76670686212644,No
2025-11-06 12:22:45,141.32405525564712,3.9618825348357145,65.22242595454725,No
2025-11-06 12:22:50,101.13423988609378,48.0506947257829,95.05310525862035,No
2025-11-06 12:22:55,100.15162946871996,10.493017841817487,60.06510665483559,No
2025-11-06 12:23:00,129.82951789667752,24.204501586252746,74.35939161765597,No
2025-11-06 12:23:05,114.99639307777652,98.66625932671465,50.626605949520275,No
2025-11-06 12:23:10,120.19668772577033,14.249554290151323,63.41040313763313,No
2025-11-06 12:23:15,129.5792669436101,49.888815345135605,7.093221613377343,No
2025-11-06 12:23:20,139.00053418175662,61.81557343181191,25.439158084184697,No
2025-11-06 12:23:25,83.79951568515358,70.2464970544104,36.185309320513866,No
2025-11-06 12:23:30,87.55829526399441,55.96486834869141,47.249335500651355,No
2025-11-06 12:23:35,59.3981939840869,0.9770847419183659,4.564874550238374,No
2025-11-06 12:23:40,107.8280140996174,32.64613082439919,14.002409755331769,No
2025-11-06 12:23:45,53.59422737967421,51.771164338471145,27.68143077913058,Yes
2025-11-06 12:23:50,96.55980181324603,8.786649914483336,97.15326909010507,No
2025-11-06 12:23:55,104.26446347075766,35.06269312091808,33.134700710305076,No
2025-11-06 12:24:00,78.65412521282843,3.3203108791366565,48.20410581120825,No
2025-11-06 12:24:05,109.08332605690107,7.857849715502074,19.609771273839293,No
2025-11-06 12:24:10,53.05002499390494,39.69232762015961,61.07800710757682,Yes
2025-11-06 12:24:15,53.734818874921444,13.271575404306034,28.068321551597432,No
2025-11-06 12:24:20,132.26005606596584,56.75408482615582,20.699257843842677,No
2025-11-06 12:24:25,86.01906414112628,68.94649691372658,51.65726284459791,No
2025-11-06 12:24:30,62.70605126518848,80.05866991090829,0.5505799160420821,No
2025-11-06 12:24:35,102.22432600548044,20.01502442448101,0.7664032649225327,Yes
2025-11-06 12:24:40,126.99935530986109,16.748258225906977,21.906880910185777,No
2025-11-06 12:24:45,71.58210274968431,10.456784033440025,3.672136250082114,Yes
2025-11-06 12:24:50,112.28904758190004,63.64302495436367,10.802575413069137,No
2025-11-06 12:24:55,58.5347464993768,70.64757264869012,33.88606493387516,No
2025-11-06 12:25:00,55.168172116860774,3.1586144825642037,80.25856795798128,No
2025-11-06 12:25:05,103.13546315681481,93.62122462436898,57.204864336930086,No
2025-11-06 12:25:10,104.06351216101065,5.1971283651472415,51.26677259564164,No
2025-11-06 12:25:15,113.74299014982066,54.12963353010704,29.348882320812166,No
2025-11-06 12:25:20,122.60913337226616,70.90605194509165,93.17537194328163,No
2025-11-06 12:25:25,147.58520794625346,87.09691237460856,39.70150412371917,No
2025-11-06 12:25:30,101.63003483011954,71.40869321324278,8.70927667957715,No
2025-11-06 12:25:35,82.29564729412459,80.17280830697918,61.70665161178013,Yes
2025-11-06 12:25:40,129.51861947687036,33.94501925428061,11.38383934766014,No
2025-11-06 12:25:45,77.08322512620742,81.48251137465122,34.52231428016921,No
2025-11-06 12:25:50,93.8971420705636,8.011484638467515,50.74119387178089,No
2025-11-06 12:25:55,57.8456381342266,89.48166560605276,87.42225246851758,No
2025-11-06 12:26:00,52.53507434154575,54.75923761537362,49.35465803401187,No
2025-11-06 12:26:05,146.2648414677925,81.72977699624937,70.22587660316643,Yes
2025-11-06 12:26:10,133.59801205122056,45.23182845183001,99.28168389990704,No
2025-11-06 12:26:15,119.59742060936979,64.35776951965249,13.148911989798162,No
2025-11-06 12:26:20,90.89529444142698,52.640266093611324,27.47315255195195,No
2025-11-06 12:26:25,67.32943200708458,73.15895217553319,39.45760755976464,Yes
2025-11-06 12:26:30,65.6437042671086,8.162998203058958,42.18281785388314,No
2025-11-06 12:26:35,75.02428981645953,6.03520839905638,41.102107526554576,No
2025-11-06 12:26:40,104.92266647061206,24.710323401014644,90.76110025565549,No
2025-11-06 12:26:45,121.45959227000624,15.954468011318834,71.40326444668564,Yes
2025-11-06 12:26:50,116.01973767177313,87.17835665922017,60.79052140907037,No
2025-11-06 12:26:55,77.99338969459428,21.92139873580443,30.93727178627821,No
2025-11-06 12:27:00,145.4865280663194,97.58652558191314,82.37903842212947,No
2025-11-06 12:27:05,123.78969166957685,33.68957917711069,95.5060511484989,No
2025-11-06 12:27:10,105.43540525114007,18.211791568869927,82.11982825502265,No
2025-11-06 12:27:15,111.17207462343522,78.96985071424791,0.15651051914729042,No
2025-11-06 12:27:20,91.96000624277899,65.87077755008761,63.6401370183407,No
2025-11-06 12:27:25,74.77309895011575,49.8195716453139,5.1135381442100725,No
2025-11-06 12:27:30,85.59726786512616,55.53635509376312,25.760722033372186,No
2025-11-06 12:27:35,125.78461104643691,71.92017782722638,5.952470034777169,No
2025-11-06 12:27:40,51.439348862975585,22.845474133129873,60.37954529493877,No
2025-11-06 12:27:45,61.607264050691626,99.63339160567419,68.65899134926067,No
2025-11-06 12:27:50,54.600264202175275,97.4793162146783,11.448763806590511,No
2025-11-06 12:27:55,54.07288023189702,65.03256863469369,38.38388830449795,No
2025-11-06 12:28:00,135.5460584011007,19.954245092914512,45.6236508955542,No
2025-11-06 12:28:05,120.36578593800236,68.02282424312914,36.90530217609166,No
2025-11-06 12:28:10,97.41738290873252,7.219840897917584,12.102500048519305,No
2025-11-06 12:28:15,59.78341606510015,3.0652502205806065,41.89477901874754,No
2025-11-06 12:28:20,99.16158751168324,25.76828885112137,75.11780478084181,No
2025-11-06 12:28:25,97.34717707805657,46.26229567393163,7.100766453325546,No
2025-11-06 12:28:30,67.32018699100152,86.82725054083805,8.018001408190345,No
2025-11-06 12:28:35,93.3851649237973,72.7169069766308,35.47712918359842,No
2025-11-06 12:28:40,89.85047343973734,74.2706521199981,94.1725711618925,No
2025-11-06 12:28:45,111.58500980522165,42.54933344480754,66.85726467229141,No
2025-11-06 12:28:50,113.50936508676438,34.59349925469629,67.86699566725648,No
2025-11-06 12:28:55,54.53040097720445,37.10387629846027,36.1919990837865,No
2025-11-06 12:29:00,87.46126146264712,98.76495637360578,59.36607912085384,No
2025-11-06 12:29:05,112.58599157142365,4.010919141248248,1.0131184027743378,No
2025-11-06 12:29:10,100.31362585800878,86.70314961224486,63.60960464095422,No
2025-11-06 12:29:15,135.64898411883223,57.86754085723934,91.32869475762368,No
2025-11-06 12:29:20,115.8693631618945,43.86154191895905,61.25734683448192,No
2025-11-06 12:29:25,66.29344270814298,72.52576604151365,87.3698593466345,No
2025-11-06 12:29:30,57.056874740042986,48.666894142470284,72.39730554660937,No
2025-11-06 12:29:35,114.24192782063156,87.34232380816606,12.055841640369025,Yes
2025-11-06 12:29:40,52.65113105416218,90.07018640112585,90.24533072858418,No
2025-11-06 12:29:45,108.57755812734632,42.17209268734554,6.644384435577488,No
2025-11-06 12:29:50,144.02302414249576,27.682779723505156,53.39674725477638,No
2025-11-06 12:29:55,107.5474177875879,59.23503285933622,14.213712379345766,No
2025-11-06 12:30:00,88.8169926206522,91.2363345616691,1.1706610730904066,No
2025-11-06 12:30:05,114.32882184423532,21.066218900566657,42.2034260127639,No
2025-11-06 12:30:10,95.82528904915166,62.296658356348274,29.504070765415623,No
2025-11-06 12:30:15,104.56167893159349,63.156022009252055,48.6000493797603,No
2025-11-06 12:30:20,144.14648087765252,73.3113022415281,57.71998867345508,No
2025-11-06 12:30:25,88.61026378007742,13.15676851272598,4.373907230894735,No
2025-11-06 12:30:30,146.11905638239142,71.58249646820886,12.300329512374564,No
2025-11-06 12:30:35,140.53506419560637,90.9032520665641,55.86423964504254,No
2025-11-06 12:30:40,69.57911347892964,17.968310887024195,34.316735317265824,No
2025-11-06 12:30:45,56.936130087516545,23.754332492387764,72.9173487549448,No
2025-11-06 12:30:50,60.07780013774266,97.13950940416396,65.22916485919397,No
2025-11-06 12:30:55,51.822182565154975,18.097695270948975,84.56043629899068,No
2025-11-06 12:31:00,59.44429607559284,85.4385093369579,69.24928266692253,No
2025-11-06 12:31:05,118.30067734163569,49.227785644803475,42.99310773901481,No
2025-11-06 12:31:10,57.1188648460229,24.723107440317705,67.29666223944324,No
2025-11-06 12:31:15,81.89756302937613,87.07499012725114,27.538117425541852,No
2025-11-06 12:31:20,134.48753109694547,44.53052550026655,30.63134987782127,No
2025-11-06 12:31:25,52.32719357358258,51.48173539296902,78.89851599207933,No
2025-11-06 12:31:30,131.44684825889357,35.92333693997657,44.64195164015822,Yes
2025-11-06 12:31:35,78.18547747733999,59.29508514349274,79.83803405183525,No
2025-11-06 12:31:40,61.81648276216563,16.352387258502276,82.24223736682784,No
2025-11-06 12:31:45,119.67371653641507,39.10815366517607,85.75623376612837,No
2025-11-06 12:31:50,112.8942846779884,96.94123223352875,91.66352358412072,Yes
2025-11-06 12:31:55,137.7472013527053,25.813343270112753,43.098522051329624,No
2025-11-06 12:32:00,123.50710438038858,65.67366645412922,31.886681832113883,Yes
2025-11-06 12:32:05,130.34809303848488,32.51900642246949,58.21987465941139,No
2025-11-06 12:32:10,78.20345725713065,77.34731256866006,37.117242343762754,No
2025-11-06 12:32:15,67.74395437797229,13.087366071834982,60.1074166800233,No
2025-11-06 12:32:20,125.06147516408583,96.98210450785447,70.55858626438246,Yes
2025-11-06 12:32:25,130.6834739267264,45.37895413836392,68.84050184921368,No
2025-11-06 12:32:30,149.0505142000673,23.605046334646396,37.45528870201213,No
2025-11-06 12:32:35,91.26176769114265,7.349674733001265,16.68602016987528,No
2025-11-06 12:32:40,87.20180857927832,16.975790508754073,43.05293384622075,No
2025-11-06 12:32:45,127.64129607419969,51.977394855601766,14.259414408190874,No
2025-11-06 12:32:50,84.08035402530179,33.70031764312863,89.00970351838083,No
2025-11-06 12:32:55,143.07573256035647,82.88833658826094,34.58774607378574,No
2025-11-06 12:33:00,135.8412751843012,43.08875236618059,15.445974722332378,No
2025-11-06 12:33:05,92.89940273750184,24.871427258762992,2.5447759905750877,No
2025-11-06 12:33:10,125.08710677914974,61.714498660403,64.58223862864843,No
2025-11-06 12:33:15,125.45428740846823,70.67772168854458,63.69023174547432,No
2025-11-06 12:33:20,60.31238688359326,16.704190790094987,34.060416658129164,Yes
2025-11-06 12:33:25,140.25529066795667,16.761921628831765,7.171188884765101,Yes
2025-11-06 12:33:30,100.52523724478571,3.667142693354297,40.9628894895232,No
2025-11-06 12:33:35,132.64574661077415,73.64020150656405,31.12174950633936,No
2025-11-06 12:33:40,82.00496010306117,66.38045276218051,67.71206397350093,No
2025-11-06 12:33:45,139.55232284962005,47.46308757498139,60.57792494526903,No
2025-11-06 12:33:50,88.92016787341632,84.41704489691972,36.459372819754,No
2025-11-06 12:33:55,51.08376514802983,80.56701529500532,21.78925542549901,No
2025-11-06 12:34:00,140.53819764192636,58.535436439675216,98.80359661555919,No
2025-11-06 12:34:05,59.128667678613354,86.82712805132586,45.40016211961149,Yes
2025-11-06 12:34:10,81.93136375904149,20.584121003676824,68.82742357802371,No
2025-11-06 12:34:15,145.0061967050805,11.191961939772789,14.055296757836079,No
2025-11-06 12:34:20,145.0607146937556,26.974961151698963,48.55896996593978,Yes
2025-11-06 12:34:25,107.34378881232861,5.708685608931486,2.7536719869465487,No
2025-11-06 12:34:30,113.18372121697993,53.1169528001032,50.545511791044994,No
2025-11-06 12:34:35,94.84455219783197,93.66056922949615,96.40174071177023,No
2025-11-06 12:34:40,79.32107716980646,3.9343540668509647,38.420671298580025,No
2025-11-06 12:34:45,82.8664545369916,12.21099140100268,3.8996012574911587,No
2025-11-06 12:34:50,117.25184560770384,45.21990282834353,3.095579091934353,No
2025-11-06 12:34:55,125.237452943768,93.38750175279048,38.798675994686946,Yes
2025-11-06 12:35:00,129.15790437258485,31.61561049767505,16.002493646319405,No
2025-11-06 12:35:05,128.96181427945538,50.723480868839246,2.335209632818591,No
2025-11-06 12:35:10,59.12061030486903,4.15728590503921,75.62136139501769,No
2025-11-06 12:35:15,99.44203047025815,14.834320096208886,45.85230088818907,Yes
2025-11-06 12:35:20,55.755876001664426,98.66301229588468,28.924477197265453,No
2025-11-06 12:35:25,104.95288823237355,96.51186964360456,90.00831830164807,No
2025-11-06 12:35:30,94.1530501373377,0.49399809344096157,11.613896020052561,No
2025-11-06 12:35:35,138.77041827582997,95.18117854232389,95.59188289553192,No
2025-11-06 12:35:40,85.09150125520787,63.91199378155004,31.396671737735282,No
2025-11-06 12:35:45,61.706701642760585,86.79182945200222,88.84036723086813,No
2025-11-06 12:35:50,64.29916820528359,45.47398556338591,60.294287647946156,No
2025-11-06 12:35:55,126.15106317174723,51.55960285792502,82.67073597414874,No
2025-11-06 12:36:00,111.8218063316261,48.88465802569202,98.40131632104642,No
2025-11-06 12:36:05,60.11226761227903,66.68642575461044,28.840543781874572,No
2025-11-06 12:36:10,58.41068061149974,13.96512547563129,96.1135485407593,No
2025-11-06 12:36:15,120.096913145912,2.9973589872677953,38.94818949024204,No
2025-11-06 12:36:20,57.27630063641935,30.79299415911909,38.55119047369223,No
2025-11-06 12:36:25,132.18600592903562,70.46807627366466,34.03871042545057,No
2025-11-06 12:36:30,120.62422271564962,20.185345212294838,54.14076073475852,No
2025-11-06 12:36:35,58.13487806418998,67.34324333249174,15.41450431784871,No
2025-11-06 12:36:40,58.48377140851919,96.99120461072704,55.37114853580112,No
2025-11-06 12:36:45,148.66395785011753,9.39007157894184,54.1704812410004,No
2025-11-06 12:36:50,87.42707957561203,67.26021182251263,76.190181260487,No
2025-11-06 12:36:55,87.06421470668909,44.375021930457116,83.36499619375856,No
2025-11-06 12:37:00,131.27995672575025,86.81422543775054,44.044135031242405,No
2025-11-06 12:37:05,144.72485773838588,17.71497894473859,30.233324935149376,No
2025-11-06 12:37:10,148.6001063822871,69.26259522261645,25.933489731709447,No
2025-11-06 12:37:15,125.33781852589416,83.81152896481102,19.462383670487192,No
2025-11-06 12:37:20,87.62595855309158,94.46142194740233,5.764758219902488,No
2025-11-06 12:37:25,58.35007166986688,68.32480282896458,34.244797883471335,Yes
2025-11-06 12:37:30,127.71469159274368,49.71747640084273,27.024769213078326,No
2025-11-06 12:37:35,105.8404249735805,61.78472402012139,96.64173858664074,No
2025-11-06 12:37:40,92.42220092469762,86.89049844787182,55.77088262500439,No
2025-11-06 12:37:45,140.6354385094736,57.060974663882966,34.72770390305075,No
2025-11-06 12:37:50,61.11974823061513,3.038705969683686,58.0467600993696,No
2025-11-06 12:37:55,99.26251042908592,93.09486955069778,13.91967013456955,No
2025-11-06 12:38:00,51.135364476741906,68.95267510315611,44.40437492022029,No
2025-11-06 12:38:05,96.86606419941262,67.65133857772466,62.62343214210638,No
2025-11-06 12:38:10,55.63032756818374,21.567515239771716,48.889783179245136,No
2025-11-06 12:38:15,61.88179162680719,65.88854702326572,40.177880065432426,No
2025-11-06 12:38:20,61.752624677710486,39.386440565415846,99.38483888996981,No
2025-11-06 12:38:25,114.92103021160635,65.12329770414921,88.0314762148927,No
2025-11-06 12:38:30,124.60448792654233,10.659303030799073,62.34059581594401,No
2025-11-06 12:38:35,108.33687650971596,65.7845304603036,56.93773611822828,No
2025-11-06 12:38:40,146.21725484745417,99.94137257706666,62.06604798245841,No
2025-11-06 12:38:45,87.4870579523704,4.821203886055603,20.131210782243325,No
2025-11-06 12:38:50,78.57120862818607,97.71741842213173,39.51377432643186,No
2025-11-06 12:38:55,136.85991281894604,40.690796072287064,3.945953289089932,No
2025-11-06 12:39:00,72.35958385194526,87.07534503372591,47.554603748682666,No
2025-11-06 12:39:05,146.32225394406112,78.23854840582734,54.302458395766315,No
2025-11-06 12:39:10,51.21544746898164,56.70162609866678,22.77497361032096,Yes
2025-11-06 12:39:15,146.9878826707639,73.84492092513266,96.40288471655137,No
2025-11-06 12:39:20,54.31599119505761,87.8515561301348,90.9454610937242,No
2025-11-06 12:39:25,139.11431136980713,40.4140321651033,72.21432354559059,No
2025-11-06 12:39:30,102.77011090862999,32.70331615632387,53.33866287653626,No
2025-11-06 12:39:35,149.29647961193004,66.75933855635847,86.99691596476849,No
2025-11-06 12:39:40,57.37965647353989,80.78459419412586,13.065234382346292,No
2025-11-06 12:39:45,105.38542844013207,76.22851347766158,79.0509794274885,No
2025-11-06 12:39:50,146.9302535619099,79.78136488586345,12.48208139668483,No
2025-11-06 12:39:55,102.30978441701488,43.5583314812933,79.42106625494054,No
2025-11-06 12:40:00,112.93986381352624,81.78342161750216,27.576756825135696,No
2025-11-06 12:40:05,119.57486889846172,12.020905537060845,87.7090581018189,No
2025-11-06 12:40:10,95.45410647677733,54.448909796084955,94.40420938253979,No
2025-11-06 12:40:15,112.75580800840635,0.575866049812157,14.879596940511563,No
2025-11-06 12:40:20,108.43143119231001,32.45858299002703,46.267560506539354,No
2025-11-06 12:40:25,140.11580104909888,36.646153487139784,98.09873781626851,No
2025-11-06 12:40:30,54.54463803414579,39.61726916092554,48.34074359731466,No
2025-11-06 12:40:35,78.09631895922303,69.54672066898621,86.35475225145451,Yes
2025-11-06 12:40:40,145.04114840765587,38.85581012703457,58.87315221313199,Yes
2025-11-06 12:40:45,139.02637838909163,44.86936226225306,37.53299079196019,No
2025-11-06 12:40:50,95.56567527857129,23.754413087432745,28.57835555258702,Yes
2025-11-06 12:40:55,112.01325978015367,37.325179162934006,20.322309108608728,No
2025-11-06 12:41:00,77.73811829811326,22.726962726315147,76.17981913776973,No
2025-11-06 12:41:05,68.81211597237613,7.319592376844364,38.65405068230279,No
2025-11-06 12:41:10,96.36984049399823,60.34485933813779,51.12754622007512,No
2025-11-06 12:41:15,85.33522280260527,66.82127985550163,49.23254800011819,No
2025-11-06 12:41:20,108.3656111850872,61.94903460096145,57.727902923313124,No
2025-11-06 12:41:25,57.77346369649848,46.34940438005724,86.55771456245522,No
2025-11-06 12:41:30,147.43948076661667,37.978578017922985,98.07393435834294,No
2025-11-06 12:41:35,148.62107444796027,86.33336495718252,40.758420857381694,No
2025-11-06 12:41:40,119.81617140197451,51.908178513621806,82.7518922106303,No
2025-11-06 12:41:45,103.60963663441204,47.9181877629731,76.45277946547176,No
2025-11-06 12:41:50,80.95276162863277,2.5642065806435688,57.352895145557326,No
2025-11-06 12:41:55,131.37950197069486,34.12478276261564,95.60471436119332,Yes
2025-11-06 12:42:00,118.47311725538793,38.019561878585705,20.04745155284028,No
2025-11-06 12:42:05,66.26169393448913,39.88227808969005,10.92642103096214,No
2025-11-06 12:42:10,141.09271844938425,58.017236922733225,85.39619669554222,No
2025-11-06 12:42:15,132.25372429231692,53.360254672687844,43.91498166337483,No
2025-11-06 12:42:20,144.9799913291924,60.79050927934446,84.69688542070605,No
2025-11-06 12:42:25,122.571950838836,76.48832615421283,89.30902051954149,Yes
2025-11-06 12:42:30,111.341519593579,81.29857387160935,6.245759361907144,No
2025-11-06 12:42:35,91.82430362906189,71.81230762264944,88.34647629860606,Yes
2025-11-06 12:42:40,143.2728483354013,95.55236959549347,44.831905536942216,No
2025-11-06 12:42:45,136.60638895004084,1.823258267636163,51.04324890042322,No
2025-11-06 12:42:50,54.52186701061894,19.57779856835461,62.659251109321026,No
2025-11-06 12:42:55,52.6366974497252,0.756287497814212,92.63826067300867,No
2025-11-06 12:43:00,87.64633668780496,64.7474714154603,1.911609442976403,Yes
2025-11-06 12:43:05,131.0553330781833,89.8030548949987,47.68434683178171,No
2025-11-06 12:43:10,148.72761293149443,24.34822965762993,68.77220424305607,Yes
2025-11-06 12:43:15,65.04168911035282,92.70345447963066,72.27069576982285,No
2025-11-06 12:43:20,109.4130715352135,6.026739028956085,69.2532431537108,No
2025-11-06 12:43:25,88.08908566310215,93.44360268055144,13.443512940812186,No
2025-11-06 12:43:30,146.99143978146031,35.16226872396344,29.93955883716812,No
2025-11-06 12:43:35,134.21189231357087,10.142082844921651,35.87155254170135,No
2025-11-06 12:43:40,133.83287047111378,48.58717591863256,80.4437207679505,No
2025-11-06 12:43:45,96.86931597949703,25.677656772050796,27.875987241455302,No
2025-11-06 12:43:50,91.48195023376653,28.487290196192284,21.070496386720315,No
2025-11-06 12:43:55,77.34070719307063,30.728996492628657,95.74480190380962,No
2025-11-06 12:44:00,55.63754966509271,80.30258978326634,0.88632851134689,No
2025-11-06 12:44:05,136.47223762550533,53.91612766752545,99.78208556819781,No
2025-11-06 12:44:10,131.29010091300776,31.130769915600364,67.68212988573956,No
2025-11-06 12:44:15,149.97176732861305,61.03337833109184,82.84692994491171,No
2025-11-06 12:44:20,149.66368370739053,71.61506742231936,29.461939634619316,No
2025-11-06 12:44:25,105.54317056026275,27.262400073353376,1.4315277667059978,No
2025-11-06 12:44:30,126.89874151805105,41.354910152535155,73.78695185615301,No
2025-11-06 12:44:35,144.47657298824282,12.188609333694755,83.41445970006758,No
2025-11-06 12:44:40,134.96473906774116,18.11493495346803,74.04761319535191,No
2025-11-06 12:44:45,74.73481017431976,68.11178539649828,14.285028730083859,No
2025-11-06 12:44:50,95.05441353100935,18.143834769562694,75.34279222569691,No
2025-11-06 12:44:55,62.9159415151495,52.516338366706016,76.8922782107641,Yes
2025-11-06 12:45:00,145.40510272587224,70.90462617224327,65.85405156700548,No
2025-11-06 12:45:05,110.617463445088,10.687692309474384,76.61159327955862,No
2025-11-06 12:45:10,72.86428055034628,56.73122196289035,84.59214396777321,No
2025-11-06 12:45:15,117.17006844058567,25.656278370136377,61.360411423745845,No
2025-11-06 12:45:20,111.81282404578958,96.29268752375798,8.860471396967906,No
2025-11-06 12:45:25,85.81627180328405,48.35456467199247,48.76278096672109,No
2025-11-06 12:45:30,61.355759219962906,80.59925497751581,7.764933467160507,Yes
2025-11-06 12:45:35,117.15731955927996,55.022654215626176,40.75430310324308,No
2025-11-06 12:45:40,102.03077009037932,4.341253285481916,40.71064891256276,No
2025-11-06 12:45:45,127.23183917356393,63.31513755940223,6.600984414024158,No
2025-11-06 12:45:50,102.01635011119933,95.14033422066571,34.88205339694793,No
2025-11-06 12:45:55,135.218150031854,60.16118201463312,11.099809879131485,No
2025-11-06 12:46:00,105.19068387744855,81.91888594267903,80.82352100092221,No
2025-11-06 12:46:05,106.09379715353862,88.42064633484078,94.76880259644707,No
2025-11-06 12:46:10,137.66536026583452,22.807977194893247,7.231647525793861,No
2025-11-06 12:46:15,90.34828662123971,21.204483990822666,95.51152072917014,No
2025-11-06 12:46:20,63.40152284506407,61.09809888509917,52.25765993367452,No
2025-11-06 12:46:25,52.8782676313339,41.10284698067047,29.95656779538739,No
2025-11-06 12:46:30,125.5137255673619,83.98613028667204,7.686207527616351,Yes
2025-11-06 12:46:35,112.03095513534646,90.00231233980112,50.06242680704178,No
2025-11-06 12:46:40,120.40797680992236,35.34213793027181,79.45155444907486,No
2025-11-06 12:46:45,71.29641615089108,23.687055897448207,70.70864772666981,No
2025-11-06 12:46:50,63.63714755867697,78.05255152438619,5.022601146397376,Yes
2025-11-06 12:46:55,51.45446656678819,27.48060355481361,7.290183536790352,No
2025-11-06 12:47:00,85.0587558806597,82.26143185136785,40.28732826326371,No
2025-11-06 12:47:05,108.99176868546331,42.37382536487628,29.52904940479433,No
2025-11-06 12:47:10,89.22440450997323,66.75498992914704,23.238432305604782,No
2025-11-06 12:47:15,93.74749220237291,9.553531383466819,28.10044989087136,No
2025-11-06 12:47:20,140.41586944937484,62.3859324676573,80.34827432968846,No
2025-11-06 12:47:25,84.82554670233003,45.17676787372291,92.92280536318539,No
2025-11-06 12:47:30,101.39894891598108,58.66084631754741,40.510269452756646,No
2025-11-06 12:47:35,128.3653012741143,16.801420774486342,90.61110021324971,No
2025-11-06 12:47:40,89.65427823212701,73.68737449441821,32.1495701247882,No
2025-11-06 12:47:45,112.20867002278735,86.27970775432286,47.64369863437916,No
2025-11-06 12:47:50,136.23637087467452,21.673980009077564,22.602899781599973,No
2025-11-06 12:47:55,144.95206236576422,9.571455552016172,64.0476042175844,No
2025-11-06 12:48:00,64.7073480929038,2.3638586046336396,97.89811151748088,No
2025-11-06 12:48:05,142.65876251614944,64.1971500443266,60.34930960433786,No
2025-11-06 12:48:10,99.21162930795381,60.70940360887808,35.78140841135489,No
2025-11-06 12:48:15,75.82443882989584,54.669741271407005,64.78174459905284,No
2025-11-06 12:48:20,95.91357562382613,23.194709611597542,12.292067846538757,No
2025-11-06 12:48:25,148.0032575285477,39.09059959055147,88.86590802653987,No
2025-11-06 12:48:30,99.26180939928696,59.4476335186173,50.30839507798363,No
2025-11-06 12:48:35,82.87516102875082,49.67668588591694,44.93497420396421,No
2025-11-06 12:48:40,113.34008543167258,98.77855202148874,58.58647884535192,No
2025-11-06 12:48:45,74.0145618778193,13.643975255673313,62.47838627894025,No
2025-11-06 12:48:50,57.586332810866395,69.51445540475937,7.177580622651303,No
2025-11-06 12:48:55,62.88797219106492,40.431876810429216,68.26172212234025,No
2025-11-06 12:49:00,62.80458389577724,42.819961492561475,24.193168031552958,No
2025-11-06 12:49:05,65.19026935122943,71.75977656581762,71.39526325065899,No
2025-11-06 12:49:10,63.882717264941014,69.24361513243696,82.25347943841967,No
2025-11-06 12:49:15,114.08747448032146,99.12559937021884,80.39585075525203,No
2025-11-06 12:49:20,68.18800843991448,12.839428945412523,55.25009674078891,No
2025-11-06 12:49:25,84.56672833238632,10.410964938416633,52.016989231075115,No
2025-11-06 12:49:30,139.6788409906012,72.43388171287411,14.287596133941172,No
2025-11-06 12:49:35,97.39616402628724,57.83869170064091,77.53461504031355,No
2025-11-06 12:49:40,116.75577385210272,27.416066655980586,27.140938044671437,No
2025-11-06 12:49:45,67.23198712016298,7.9419368988986605,49.669542281794655,No
2025-11-06 12:49:50,69.22890188086708,8.565824959643054,28.42740929275167,No
2025-11-06 12:49:55,54.08686162664789,89.41908746641182,13.382836299969314,No
2025-11-06 12:50:00,66.89350630721646,19.18673247187429,62.95576968917366,No
2025-11-06 12:50:05,77.85903390319586,32.33715621155208,5.4332034822903825,No
2025-11-06 12:50:10,67.70104842767468,22.6656402226988,74.86452341262,No
2025-11-06 12:50:15,58.87025337570556,35.49963058319373,31.758679526111667,No
2025-11-06 12:50:20,62.063587110060084,6.942384274609337,0.013469300448532007,No
2025-11-06 12:50:25,96.07787680327257,51.90597909082704,51.11291392372298,No
2025-11-06 12:50:30,70.63337184057926,6.76125635922149,4.6851908527603126,No
2025-11-06 12:50:35,86.42698610480755,80.03565078223616,27.616955782089946,No
2025-11-06 12:50:40,100.34172708548569,23.3712081910433,70.69764874557161,No
2025-11-06 12:50:45,119.03948286293652,54.00119146045106,6.268962162186586,No
2025-11-06 12:50:50,53.931213984109895,88.00790875614582,83.93384923560023,No
2025-11-06 12:50:55,129.94103989090428,65.08773690471942,0.3819922658583108,No
2025-11-06 12:51:00,112.79003894909079,53.29577865513353,24.682386920190226,No
2025-11-06 12:51:05,58.17590319488719,32.43337531153756,74.09040561520715,No
2025-11-06 12:51:10,137.35786241067774,33.300191305819794,31.627014972930677,No
2025-11-06 12:51:15,142.08724005318132,66.94869551981901,10.189238806601352,Yes
2025-11-06 12:51:20,56.107795985486376,99.41393612211675,36.02339188004279,No
2025-11-06 12:51:25,77.68776481472037,66.18391898493786,27.039328638452552,No
2025-11-06 12:51:30,130.62012797930612,55.77834173700249,84.27119021605549,No
2025-11-06 12:51:35,124.82596903836584,73.06505102392461,31.334791758514314,No
2025-11-06 12:51:40,68.45210193563773,46.52056122837182,78.89324717760073,No
2025-11-06 12:51:45,70.93493233367103,6.0142342600785215,89.18721448107347,No
2025-11-06 12:51:50,87.0472102791382,56.22968158779098,43.381741957652956,No
2025-11-06 12:51:55,98.45229851910213,95.76252845053801,90.9943143854392,No
2025-11-06 12:52:00,111.8254771530296,17.530294235765965,37.73180539631929,No
2025-11-06 12:52:05,86.89136395697724,69.00048908206658,96.40784164901082,No
2025-11-06 12:52:10,96.25347161331479,20.093368865905646,8.928952452557294,Yes
2025-11-06 12:52:15,124.74709381337566,53.582768447308126,68.70192665032427,No
2025-11-06 12:52:20,53.66832028905979,9.667644964671961,49.38140404569287,No
2025-11-06 12:52:25,75.24369443440207,45.037093625818514,38.76488054556471,No
2025-11-06 12:52:30,121.33495858845524,75.61633288952461,63.27118787486009,No
2025-11-06 12:52:35,139.52068376871995,34.757152423898205,70.38570916343312,No
2025-11-06 12:52:40,101.16774421156661,66.4911724487218,0.43632696503090873,No
2025-11-06 12:52:45,103.21134852653157,79.54499607897291,16.69530887471987,No
2025-11-06 12:52:50,60.7172011339776,92.71778194794527,71.30460506343186,Yes
2025-11-06 12:52:55,94.74123668234546,23.464208185545353,66.63854135782064,No
2025-11-06 12:53:00,103.2617266455023,39.931591580930814,96.60475051286772,No
2025-11-06 12:53:05,74.24705036347297,15.241601333041743,76.1037790250783,Yes
2025-11-06 12:53:10,76.9243230949381,99.24835021583752,95.0772707731338,No
2025-11-06 12:53:15,87.72841631046226,92.70009679242953,70.25405015348069,No
2025-11-06 12:53:20,52.00711977777264,53.99571302805596,29.805220863944314,No
2025-11-06 12:53:25,82.20791655831783,84.20332943764213,10.536492225085647,No
2025-11-06 12:53:30,71.14480069965447,52.09579772720422,78.18238633449356,No
2025-11-06 12:53:35,82.74973521779147,62.35856880027597,64.4149221475916,No
2025-11-06 12:53:40,61.97621318192512,8.912443211601662,4.818601239329623,No
2025-11-06 12:53:45,139.0527280739895,75.52704204968079,36.005046590097834,No
2025-11-06 12:53:50,109.35924535540487,12.771348363523483,95.67998154842861,No
2025-11-06 12:53:55,117.91023191444896,82.60676302525283,50.04011457102012,No
2025-11-06 12:54:00,128.91712386073382,78.20280876703859,43.272913601970465,No
2025-11-06 12:54:05,99.84421989290573,70.87446977429764,45.7699605159294,No
2025-11-06 12:54:10,58.69202880874237,3.6160380524762115,20.88827240051637,No
2025-11-06 12:54:15,103.71065418185478,30.31283559453286,36.87071708647952,No
2025-11-06 12:54:20,108.68411180208791,26.311256991084285,36.98132559871766,No
2025-11-06 12:54:25,124.54394741843299,36.01364074715191,5.2355020187472405,No
2025-11-06 12:54:30,93.16595462296794,8.764274676383854,76.75676285179182,Yes
2025-11-06 12:54:35,62.75803027955638,93.69578230310628,41.6504431903879,No
2025-11-06 12:54:40,78.37759057987245,55.38022407123763,82.21798868164232,No
2025-11-06 12:54:45,86.30822963986351,30.552431065802356,85.03480011198954,No
2025-11-06 12:54:50,114.59172413316013,39.698151707428345,21.199405469865805,No
2025-11-06 12:54:55,107.07783046689119,44.72025405048357,65.73534821701286,No
2025-11-06 12:55:00,85.60967258978462,60.05943333606173,47.22818041629817,No
2025-11-06 12:55:05,148.65152487929797,51.567942769649775,88.0156737921485,No
2025-11-06 12:55:10,110.57748193568872,91.93919732144174,21.57406791764541,Yes
2025-11-06 12:55:15,73.72267917359945,49.696348290583025,67.78132003100443,Yes
2025-11-06 12:55:20,60.17824726204037,99.21580148233127,60.775212225272256,No
2025-11-06 12:55:25,65.28591391843321,85.14249577450957,29.53014775718328,No
2025-11-06 12:55:30,74.59577283845081,20.85105143573358,13.660090365117261,No
2025-11-06 12:55:35,66.06813732595558,93.05952146439162,65.16397604772766,No
2025-11-06 12:55:40,68.65670240513057,11.636639788547608,73.85974581323308,Yes
2025-11-06 12:55:45,78.50951686938471,81.74497084911916,31.562734376335,No
2025-11-06 12:55:50,67.33735952947548,38.06232934765801,64.48326040223138,No
2025-11-06 12:55:55,139.67654246264252,87.79743204450695,39.51309076115032,Yes
2025-11-06 12:56:00,58.02337456616422,86.80566901074504,71.32068832826177,No
2025-11-06 12:56:05,102.45113895702546,80.59254001176211,19.92152748940531,No
2025-11-06 12:56:10,91.03968269896615,79.00304363070614,89.02150026361744,No
2025-11-06 12:56:15,148.23786169086065,30.46791390980408,28.74095964655797,No
2025-11-06 12:56:20,61.203890216805235,8.091928305125219,36.77859877561529,No
2025-11-06 12:56:25,89.78555990457417,40.29801787651615,5.8091952080349785,No
2025-11-06 12:56:30,146.9470433275369,17.35245149865087,11.15122123212764,No
2025-11-06 12:56:35,136.55071258939802,69.49510889024617,51.58619027123281,No
2025-11-06 12:56:40,131.70720709492798,34.609972653778556,26.75926767279715,No
2025-11-06 12:56:45,75.79028270449399,97.56102008599149,83.54802257421944,No
2025-11-06 12:56:50,67.08875873900658,64.0972077345332,1.4693388654953843,No
2025-11-06 12:56:55,116.8643219924431,82.24805636343609,37.90940486719362,No
2025-11-06 12:57:00,142.93759891275857,13.252467274184843,33.73455467690927,No
2025-11-06 12:57:05,105.67628930139298,86.20144822726226,1.9327630917601035,No
2025-11-06 12:57:10,107.16126894698999,92.27571905133944,12.436839900051023,No
2025-11-06 12:57:15,77.99790936602841,48.70619188189359,41.36426749186353,No
2025-11-06 12:57:20,126.94929331919369,60.625293775097745,49.28645844474466,Yes
2025-11-06 12:57:25,68.70437485575233,76.48098009029954,40.42897472548691,Yes
2025-11-06 12:57:30,82.36792364042437,17.483862726041256,53.093767841209385,No
2025-11-06 12:57:35,92.54364386164167,50.25660764634424,59.51316749056815,No
2025-11-06 12:57:40,100.7610378684455,39.86630277723131,0.992382112783563,No
2025-11-06 12:57:45,74.24097324150802,14.63739921622491,46.409515945350385,No
2025-11-06 12:57:50,61.483682473920354,36.753442229153144,96.34992408875883,No
2025-11-06 12:57:55,111.06200424416326,6.817230938549357,51.90322801295487,Yes
2025-11-06 12:58:00,78.86305532402558,2.5811906949486985,67.75422674589532,No
2025-11-06 12:58:05,108.12382214226122,13.516628915482276,31.18638579168832,No
2025-11-06 12:58:10,65.43627152742023,96.31151115891738,77.39913781527625,No
2025-11-06 12:58:15,98.11401018548175,54.952953589501696,77.2921481876115,No
2025-11-06 12:58:20,103.25894325515858,96.582216115322,52.129604765413895,No
2025-11-06 12:58:25,55.18235368224269,43.2497878330132,97.60138232792136,No
2025-11-06 12:58:30,83.66042781939205,31.181613308525957,12.555021476265338,No
2025-11-06 12:58:35,63.44146769389742,50.61418628402441,1.6947664889580993,No
2025-11-06 12:58:40,56.33749704727678,43.95116886329101,77.0158211757096,No
2025-11-06 12:58:45,148.99602323899452,10.566468426174392,80.71555373648826,No
2025-11-06 12:58:50,82.2353844974723,64.08263146902063,12.020722912057625,No
2025-11-06 12:58:55,130.9874445854635,21.60381825095996,26.55828329586061,No
2025-11-06 12:59:00,75.46406547637639,61.95879548978296,1.755236336662891,No
2025-11-06 12:59:05,118.15027222239293,65.02010923981534,29.33086107805647,No
2025-11-06 12:59:10,126.02278598896865,15.20248531286481,77.31418739186715,Yes
2025-11-06 12:59:15,109.56387406078443,6.134962711066816,51.79605277125789,No
2025-11-06 12:59:20,97.15761885501584,78.07615860684398,34.80955931682881,No
2025-11-06 12:59:25,91.18409141472685,45.98004237693202,37.17392949063303,No
2025-11-06 12:59:30,84.88682665429954,5.816379550547579,0.1353625715468154,No
2025-11-06 12:59:35,142.9529144247826,99.48663171697672,29.98005275652359,No
2025-11-06 12:59:40,133.0619407787729,5.778056099636664,64.64587416379305,No
2025-11-06 12:59:45,146.50269106665127,69.50352288585532,97.41944438163571,Yes
2025-11-06 12:59:50,62.42972234855447,98.36789252634136,84.70608269838995,No
2025-11-06 12:59:55,123.08674752036443,23.918010421592562,2.3594964645529126,No
2025-11-06 13:00:00,143.83404568210378,14.224936868719617,89.85606046748393,No
2025-11-06 13:00:05,68.12330661656601,12.138493942242889,78.3198413298626,No
2025-11-06 13:00:10,56.649626736677746,30.327514756759555,78.03761235709804,No
2025-11-06 13:00:15,124.11206492900591,10.10458110106467,45.79957590035715,No
2025-11-06 13:00:20,107.4473113179912,69.2161341694132,39.80052929545028,No
2025-11-06 13:00:25,134.1828776758272,6.229179813006269,30.29157288331926,No
2025-11-06 13:00:30,63.97723766262895,50.94221281497897,6.569485895436578,Yes
2025-11-06 13:00:35,129.52673118598904,99.66968538529768,22.82353634936991,Yes
2025-11-06 13:00:40,70.16273200477445,81.39702695060188,24.66036349780246,No
2025-11-06 13:00:45,66.36559428657046,61.52194382310109,48.40770697102016,No
2025-11-06 13:00:50,66.4265797930993,30.625362078661166,74.7444406596694,No
2025-11-06 13:00:55,131.45747202313822,62.389583629163845,47.38098283979466,No
2025-11-06 13:01:00,116.51972206962002,52.70414639116516,5.784444944716061,No
2025-11-06 13:01:05,102.30654247691193,42.60833838903715,95.77898009882038,No
2025-11-06 13:01:10,85.88304841235025,13.071037674019948,94.27243190941122,No
2025-11-06 13:01:15,137.72005408131082,88.66042152404667,78.51895431484084,No
2025-11-06 13:01:20,89.24451074226354,44.97846488213225,99.13279015642206,No
2025-11-06 13:01:25,131.65994394715773,19.462251182076507,54.448233280026294,No
2025-11-06 13:01:30,93.91349085702184,36.77593508772896,96.27683502532061,No
2025-11-06 13:01:35,87.69444294249075,41.4129752528927,7.560504061675077,No
2025-11-06 13:01:40,96.26797856696064,82.75378955668742,36.568074826137135,No
2025-11-06 13:01:45,80.13778741641421,73.3614380561402,22.538126800676583,No
2025-11-06 13:01:50,124.76093801762511,76.93048936413398,19.583308413427,No
2025-11-06 13:01:55,100.27203900924792,1.1031264428647214,14.08029488926761,Yes
2025-11-06 13:02:00,73.22126951468172,41.615399817976154,62.241364156599666,Yes
2025-11-06 13:02:05,139.95745732745684,48.13441516353236,78.1321855747305,No
2025-11-06 13:02:10,88.38912213732114,1.9192276823056686,57.82983994203607,No
2025-11-06 13:02:15,104.35528611139887,25.98132087450342,14.696270958820968,No
2025-11-06 13:02:20,140.6472110964547,76.0289823122135,81.11237699334708,No
2025-11-06 13:02:25,112.42379959139922,13.710970572899905,63.59547071637285,No
2025-11-06 13:02:30,61.68980407083641,53.531013145259166,38.81657061269955,No
2025-11-06 13:02:35,143.9832123613475,21.52018720172375,67.4130295536063,No
2025-11-06 13:02:40,112.77080530714179,1.2120774643893273,25.990497924283286,No
2025-11-06 13:02:45,83.49056146570861,24.12014575995415,34.51922084942105,No
2025-11-06 13:02:50,63.927207266338726,97.58737549100537,91.74858431319902,No
2025-11-06 13:02:55,129.4025189270296,80.15371118829896,29.05045056714204,No
2025-11-06 13:03:00,112.00727559285136,95.95766443210334,46.99882681579366,No
2025-11-06 13:03:05,103.34610919763216,48.785404392636245,89.01411373960147,No
2025-11-06 13:03:10,139.38925830509578,10.973619867750351,70.77213502675275,No
2025-11-06 13:03:15,128.8597211224531,54.79594889736929,6.220322616470275,No
2025-11-06 13:03:20,65.16748797327512,45.43773345599609,14.730304427897034,No
2025-11-06 13:03:25,81.17220677955483,84.4357082739616,0.7841590771916818,No
2025-11-06 13:03:30,74.84891398144657,9.808258078424458,63.09217902291634,No
2025-11-06 13:03:35,124.3946292572677,48.82411370217782,44.767342541041835,No
2025-11-06 13:03:40,53.35324347357794,15.004866469398426,13.427485090227552,No
2025-11-06 13:03:45,106.98896848713164,32.467592689006,95.79341210567705,No
2025-11-06 13:03:50,126.24586857406905,73.73570773877996,52.96597239456199,No
2025-11-06 13:03:55,137.67656367617496,47.601812936876655,24.189329411288917,No
2025-11-06 13:04:00,84.20817487159076,37.58882851457693,50.06035711547076,No
2025-11-06 13:04:05,132.12573046720127,39.44762785700353,67.96203327351078,No
2025-11-06 13:04:10,61.063173695520724,45.94467684059866,7.623921797356448,No
2025-11-06 13:04:15,134.6452291734518,78.50165438370568,27.4703815047892,No
2025-11-06 13:04:20,62.74886623319824,89.20846889402344,80.69654908839937,No
2025-11-06 13:04:25,89.72872905603673,95.53346865039283,45.966487040266124,No
2025-11-06 13:04:30,129.72953657795534,78.6903386255295,54.65771420322949,No
2025-11-06 13:04:35,64.99174273487738,31.540689574801274,43.28160022094693,No
2025-11-06 13:04:40,72.92513952326415,68.81347060865421,4.389994264300512,No
2025-11-06 13:04:45,122.22525683930662,43.760312405539196,16.574977982015593,No
2025-11-06 13:04:50,122.00365365460743,25.467062204605117,44.554163874189086,No
2025-11-06 13:04:55,114.11476328852973,84.08715794259226,20.918546540792782,No
2025-11-06 13:05:00,119.39484444671,3.8426348962324997,4.997902865967873,No
2025-11-06 13:05:05,104.27244433475963,90.17619921354235,84.36496640518237,No
2025-11-06 13:05:10,75.17990589069527,46.147746462473414,98.11925291641158,Yes
2025-11-06 13:05:15,84.56959935039194,63.72014768082804,79.31428739967394,No
2025-11-06 13:05:20,68.15977168014257,65.93539222057827,85.3784921704667,No
2025-11-06 13:05:25,140.84505613336285,89.51177407065364,24.197713031704538,No
2025-11-06 13:05:30,108.33917947661205,63.66696821672073,96.06269755131997,No
2025-11-06 13:05:35,90.08514167636399,61.39335847600618,19.692570445342838,No
2025-11-06 13:05:40,96.20058036441327,6.665204056068996,95.14298103618323,No
2025-11-06 13:05:45,144.72833396118153,51.84080219452041,99.4819293965951,No
2025-11-06 13:05:50,65.33514031160801,15.016900081704165,71.17228057460487,No
2025-11-06 13:05:55,108.62298320167972,73.74337687214856,98.1143731791822,Yes
2025-11-06 13:06:00,100.5888678884466,51.22219208126745,56.95397795671037,No
2025-11-06 13:06:05,111.14542354346477,68.02277792083532,25.954178317609035,No
2025-11-06 13:06:10,51.81101838208405,4.167290060238427,43.699588566562085,Yes
2025-11-06 13:06:15,137.21239089441514,8.479201604580322,59.35609353787859,No
2025-11-06 13:06:20,143.21182824836126,71.63233880626822,7.308156202701499,No
2025-11-06 13:06:25,106.51331835892088,7.208433599867337,62.234326461724606,No
2025-11-06 13:06:30,119.66508238768922,7.12567277652586,98.11778367622945,No
2025-11-06 13:06:35,142.24993811772958,1.210847523488745,19.010764978372762,No
2025-11-06 13:06:40,120.72386343133986,95.65013982994802,79.25951162883833,No
2025-11-06 13:06:45,65.25390429142614,73.75083594590069,90.78987937796194,No
2025-11-06 13:06:50,107.62883601668132,35.32514085020642,94.37015928202209,No
2025-11-06 13:06:55,110.6715046382856,29.65355812876552,96.01356044054472,No
2025-11-06 13:07:00,92.4130671302386,34.97032297458495,52.14596387214719,No
2025-11-06 13:07:05,123.64442356247228,77.46535311811819,97.73079079915037,No
2025-11-06 13:07:10,143.43670147690148,66.13706110704143,75.73102071344388,No
2025-11-06 13:07:15,142.55685129067763,18.519556786746794,16.16714362369619,No
2025-11-06 13:07:20,95.08393714041321,17.410933533408436,47.690010646797,Yes
2025-11-06 13:07:25,61.323804584075525,9.839564971339732,71.8331175372004,Yes
2025-11-06 13:07:30,148.48411989623344,66.03027197013381,24.734031581908333,No
2025-11-06 13:07:35,133.88980864459342,76.43726622217359,64.06151835488873,No
2025-11-06 13:07:40,62.46626812032669,26.5046428325004,66.66004790466192,No
2025-11-06 13:07:45,142.08418826173724,2.094496103091281,16.26997438085659,No
2025-11-06 13:07:50,136.98963620621282,8.217166747642734,56.50853124527563,No
2025-11-06 13:07:55,101.88380571260721,96.78600348450304,77.16269109786077,No
2025-11-06 13:08:00,109.12754357449293,29.544477747742025,49.88956645359419,No
2025-11-06 13:08:05,89.90027038701302,76.92231478381336,1.2103116776107425,No
2025-11-06 13:08:10,55.47616388220313,62.46635688542638,0.9038469079292177,No
2025-11-06 13:08:15,83.51972416459009,38.19396396528959,35.702934397001215,No
2025-11-06 13:08:20,130.28534485980114,20.56872621955551,92.6194068431782,No
2025-11-06 13:08:25,50.46320230046029,12.138641815940643,22.867677960360876,No
2025-11-06 13:08:30,83.34991716911442,61.50129680388666,63.43636888716871,No
2025-11-06 13:08:35,89.81686935909434,77.4633780637788,22.207587069332057,No
2025-11-06 13:08:40,103.7395602937923,64.39042535411306,32.16699896595486,No
2025-11-06 13:08:45,141.98556164127604,53.030213324915835,84.8042089601484,Yes
2025-11-06 13:08:50,84.63459943659612,4.195122343163627,72.88614422699469,No
2025-11-06 13:08:55,84.69532018962278,96.84887775943838,9.539927731321063,No
2025-11-06 13:09:00,123.75012481097484,79.87141916545745,42.87020209864336,No
2025-11-06 13:09:05,95.22179408898072,29.282203670096475,2.916976364526447,No
2025-11-06 13:09:10,72.4604822939982,97.99703293588506,48.0890146603009,No
2025-11-06 13:09:15,95.24395161326933,60.18815896363221,66.24340117010681,No
2025-11-06 13:09:20,64.08570203797998,58.24226582072465,11.850262359815156,No
2025-11-06 13:09:25,67.63869865062233,74.8073179429532,28.888493890916568,No
2025-11-06 13:09:30,99.83677727394797,81.17697880901376,39.783662550215695,No
2025-11-06 13:09:35,91.89254495045479,65.64786073315027,91.95310246560497,No
2025-11-06 13:09:40,141.48459010681,12.809574636620003,99.32550154229641,No
2025-11-06 13:09:45,86.23938991166331,33.82675059944984,4.491129899561585,No
2025-11-06 13:09:50,108.05883502780435,92.80836403260497,76.1007923495392,No
2025-11-06 13:09:55,113.22642879195304,22.461561184385193,37.17240664023432,No
2025-11-06 13:10:00,51.30944565883336,37.21670238375133,39.245818622948,No
2025-11-06 13:10:05,116.35373720167107,43.2076882944196,75.42649733470228,Yes
2025-11-06 13:10:10,67.80359668697514,43.940498969445215,91.84264321454087,No
2025-11-06 13:10:15,146.1070317469455,61.29395824945255,95.09285945025483,No
2025-11-06 13:10:20,64.8662727753113,94.30758377447076,57.712258603832076,No
2025-11-06 13:10:25,91.46241237270237,24.069271183250496,35.71211593005028,No
2025-11-06 13:10:30,58.534966807864386,12.150137630091805,78.75490858587793,No
2025-11-06 13:10:35,149.68742518459473,19.747048985993732,25.100138326230027,No
2025-11-06 13:10:40,100.21950103312426,88.69249002092695,56.40740288335178,No
2025-11-06 13:10:45,109.53850173200438,64.5810812655206,35.85784615248732,Yes
2025-11-06 13:10:50,56.70764773884275,28.590678923916013,65.66310737078761,No
2025-11-06 13:10:55,124.99604703991778,81.59469389686173,24.03989128935069,No
2025-11-06 13:11:00,70.99055930955858,86.1369996363436,19.159294573482576,No
2025-11-06 13:11:05,139.80542894407137,84.6514338690278,91.8239086675437,No
2025-11-06 13:11:10,70.51396404820072,91.89265336395545,10.18036829495369,No
2025-11-06 13:11:15,69.06877206636665,25.224102017336158,50.595790773493164,Yes
2025-11-06 13:11:20,53.65496678480949,75.50419287462783,22.085278296300892,No
2025-11-06 13:11:25,97.20669451099992,46.053949727414,3.892996332566745,No
2025-11-06 13:11:30,106.48411332626165,84.19985528900615,3.601881829142639,No
2025-11-06 13:11:35,56.57086394283524,72.84906771616131,17.522177210582733,No
2025-11-06 13:11:40,127.55276166950105,77.64474464997247,86.67703545060003,No
2025-11-06 13:11:45,95.32888347480275,65.61618376810715,28.247874397702667,No
2025-11-06 13:11:50,102.439026932758,17.742876946970686,95.04591705752958,No
2025-11-06 13:11:55,94.07627469382282,54.502691889693835,58.16222929891936,No
2025-11-06 13:12:00,90.0763060875326,98.46697395245081,43.66141897687661,No
2025-11-06 13:12:05,105.96403313082179,93.73880664971189,58.00888346694546,No
2025-11-06 13:12:10,65.52402459307125,4.317373579701167,51.669838522626776,No
2025-11-06 13:12:15,68.1928130495271,16.481481572943714,75.87762537573252,No
2025-11-06 13:12:20,136.17856210135173,13.172877345456191,28.249606597285226,No
2025-11-06 13:12:25,144.61154621336328,72.59799099852955,35.30503916003024,Yes
2025-11-06 13:12:30,87.3309316279753,81.77853298569451,89.40943025332507,No
2025-11-06 13:12:35,77.07446731435537,21.35113663106719,94.64565131504055,No
2025-11-06 13:12:40,114.39995432390158,50.5852692951829,89.25582274864745,No
2025-11-06 13:12:45,90.87341710980964,84.07030280112,41.94479939573136,No
2025-11-06 13:12:50,52.538635566034486,73.28015447662506,78.03655030068816,Yes
2025-11-06 13:12:55,65.61525973661904,54.223720549184826,47.63357333010988,No
2025-11-06 13:13:00,121.59722288473975,59.03476904587729,49.75398521461022,No
2025-11-06 13:13:05,115.89239419101514,50.83605469162799,20.468010905728395,No
2025-11-06 13:13:10,52.70959925034835,29.754845131882057,59.113030325851646,No
2025-11-06 13:13:15,72.19721619329495,56.50219928590161,18.613589775334795,No
2025-11-06 13:13:20,73.10747965880714,68.88853020500906,33.15646990671938,No
2025-11-06 13:13:25,117.18927435987284,87.33229158608077,85.50302016199352,No
2025-11-06 13:13:30,51.97105377543642,63.629135397924806,20.707580921085523,No
2025-11-06 13:13:35,60.41085819845738,76.1121537043158,7.115828517343282,No
2025-11-06 13:13:40,129.99160853731894,16.0071634954573,6.90075926128163,No
2025-11-06 13:13:45,67.85446620543337,46.15574744197899,94.07845205031079,No
2025-11-06 13:13:50,115.27461078518748,0.9331619827093296,50.69204379618346,No
2025-11-06 13:13:55,73.81827810467266,24.667886452162303,40.941207181701834,No
2025-11-06 13:14:00,59.94413927593452,72.64617151130048,81.08785810079185,No
2025-11-06 13:14:05,74.3172190999454,99.18099513493634,83.5825927910516,No
2025-11-06 13:14:10,122.22669318556592,9.917809958721591,33.21910331156046,No
2025-11-06 13:14:15,135.56964681062857,40.14943158612883,69.36180574737952,No
2025-11-06 13:14:20,133.02198645669915,80.00709686991596,77.11228158518865,No
2025-11-06 13:14:25,89.71835296184548,20.403563462889885,65.46506868659546,No
2025-11-06 13:14:30,116.80851365706462,55.50849493022862,15.159507480009937,No
2025-11-06 13:14:35,70.4984295415821,73.30712960296748,87.5883083517057,No
2025-11-06 13:14:40,79.31477302610134,61.5985450260179,53.90945527360087,No
2025-11-06 13:14:45,139.63358185211197,18.802473461541613,28.24724263700037,No
2025-11-06 13:14:50,51.300192351073605,35.538456868573945,42.52281854376939,No
2025-11-06 13:14:55,58.5508530854468,78.37917844853972,3.757109039890738,No
2025-11-06 13:15:00,70.78862551460273,55.42265141320166,12.786680122241755,No
2025-11-06 13:15:05,52.65322038738197,0.5229613542912737,76.55467505158609,No
2025-11-06 13:15:10,68.14354350897973,76.09907600280938,0.0011634755366141114,No
2025-11-06 13:15:15,108.30415609696922,3.531135494023907,41.65658284822922,No
2025-11-06 13:15:20,92.1424550592498,74.57337827312321,52.251018108558846,No
2025-11-06 13:15:25,139.2671711076975,20.24805601652374,5.4634420000972295,No
2025-11-06 13:15:30,131.7443561738441,95.80734801193802,97.30781629723329,No
2025-11-06 13:15:35,84.1817351697876,36.79407513020845,22.612533124967193,No
2025-11-06 13:15:40,75.94234334312925,32.69316163380791,30.419871963628086,No
2025-11-06 13:15:45,87.96924081672668,14.888805033244468,30.39425122550273,No
2025-11-06 13:15:50,109.02949425148077,30.560421549021488,23.04166621173499,Yes
2025-11-06 13:15:55,76.80636408228763,87.66507618282006,0.1473822086311416,No
2025-11-06 13:16:00,112.41489078491341,99.63343376272474,72.93447940879963,Yes
2025-11-06 13:16:05,90.94116521912404,36.83095305068483,96.68454997992853,No
2025-11-06 13:16:10,105.20471808519802,44.861063095454256,22.429348328504506,No
2025-11-06 13:16:15,93.61265291353166,72.2070938202737,66.30471918034225,No
2025-11-06 13:16:20,79.44657595419177,88.61957804650746,74.18963269587151,No
2025-11-06 13:16:25,144.84533069621568,59.304433418678414,84.84253790905247,No
2025-11-06 13:16:30,126.36057941597608,39.15256981778293,42.262919701360914,No
2025-11-06 13:16:35,64.01131757664525,41.262184084862376,30.293090564042924,No
2025-11-06 13:16:40,136.84679758979127,69.56181464968068,32.52951340230311,No
2025-11-06 13:16:45,98.74311982495136,0.32182636042786816,71.26213330985128,No
2025-11-06 13:16:50,139.45522268940914,61.95893374598407,81.6779466505636,No
2025-11-06 13:16:55,129.98552559473154,35.54930104413574,18.161396775660265,No
2025-11-06 13:17:00,92.52135044692335,79.41973312770843,37.09410081577652,No
2025-11-06 13:17:05,52.24693083201174,9.299063982313216,90.19401967491501,Yes
2025-11-06 13:17:10,76.8677359384946,58.82022669483905,80.66935196947392,No
2025-11-06 13:17:15,104.16342146608669,48.09728898861238,98.48584027624759,No
2025-11-06 13:17:20,113.34782198261473,64.23255259052274,75.42482596820807,No
2025-11-06 13:17:25,75.78876854332023,6.485359448296835,39.319520102792225,No
2025-11-06 13:17:30,63.93560740728241,57.99837874281313,59.06378339946377,No
2025-11-06 13:17:35,133.4930236799299,56.14845879595237,66.10142542473203,No
2025-11-06 13:17:40,148.44021807035523,56.06600944161709,7.845581631712395,No
2025-11-06 13:17:45,102.56901823026858,60.34876665964548,54.44969591038651,No
2025-11-06 13:17:50,67.16792858483035,67.64679372263622,70.93208284726096,No
2025-11-06 13:17:55,77.2307326519369,80.49889996807697,16.732130400106037,No
2025-11-06 13:18:00,51.83906765474667,26.982072012821433,78.06317174255571,No
2025-11-06 13:18:05,141.4298806560499,82.5049410180062,58.37727805141116,No
2025-11-06 13:18:10,61.77510828901411,49.82556822634536,95.22217856975946,No
2025-11-06 13:18:15,107.65164755142536,7.705827913433117,4.24222982068917,No
2025-11-06 13:18:20,77.4055220687206,5.85509292439792,26.5326137555467,No
2025-11-06 13:18:25,105.41780025157934,33.42383186960608,60.15538792998241,No
2025-11-06 13:18:30,115.14203883518643,78.48969771114676,29.65599122059307,Yes
2025-11-06 13:18:35,132.97418037072015,70.76809347409157,71.44241640712423,No
2025-11-06 13:18:40,70.64212717606031,78.86149646724064,75.9005282521931,No
2025-11-06 13:18:45,51.09958286584805,51.72690564416094,10.251596406647446,Yes
2025-11-06 13:18:50,63.68856300688073,44.01989979554906,51.38544642067677,No
2025-11-06 13:18:55,140.00186418481053,14.745252670628394,50.889055559105586,No
2025-11-06 13:19:00,137.38900775625154,32.81927536093116,36.92807702155411,No
2025-11-06 13:19:05,109.74131021703083,43.40193661738753,93.29248625696721,No
2025-11-06 13:19:10,110.05168604336534,8.860042967961723,82.75063198732212,Yes
2025-11-06 13:19:15,116.50366745462554,22.061195271121125,69.72093819096368,No
2025-11-06 13:19:20,67.53712786234496,59.82252940637388,71.43266357349975,No
2025-11-06 13:19:25,141.44119459249598,73.56631142391899,46.17161438131191,No
2025-11-06 13:19:30,91.8770524892073,99.83475113929497,92.09945210965759,No
2025-11-06 13:19:35,88.31385282494975,93.31133313435576,69.45954272532853,No
2025-11-06 13:19:40,101.89177052828376,64.25651995351916,72.89810616558164,No
2025-11-06 13:19:45,54.696596677505504,42.1248053294072,86.16909037873452,No
2025-11-06 13:19:50,66.62833687560794,63.617736470823274,27.4071589342191,Yes
2025-11-06 13:19:55,123.80336164263704,78.56516180802319,80.7070903866703,Yes
2025-11-06 13:20:00,58.27986679251265,11.833619092338733,19.524060295649203,No
2025-11-06 13:20:05,110.31521094663881,40.99048896962883,34.53419522448878,No
2025-11-06 13:20:10,74.5349109681321,83.98022856356172,33.56104542698427,Yes
2025-11-06 13:20:15,88.92956140419766,38.3832951933044,97.85254683891405,No
2025-11-06 13:20:20,78.86937367706999,57.18722712271865,85.65372237479268,Yes
2025-11-06 13:20:25,85.56727164649492,58.77693608621982,70.11698615902597,No
2025-11-06 13:20:30,121.90459051842456,18.447625313363936,72.70567616153902,No
2025-11-06 13:20:35,79.71217156231751,36.22354416522884,56.20727944025711,Yes
2025-11-06 13:20:40,106.64046402968972,33.451128874193216,94.70906671085191,No
2025-11-06 13:20:45,97.60504021990997,2.6196708532064794,49.62587528823615,No
2025-11-06 13:20:50,116.36711653626482,2.4191763891355245,38.05177098698945,No
2025-11-06 13:20:55,143.68297393247582,83.16970436757735,16.3035336931591,No
2025-11-06 13:21:00,123.25720972102503,27.30708099728124,78.6205652261058,No
2025-11-06 13:21:05,71.49403785907568,51.80787662388154,73.44439320755914,No
2025-11-06 13:21:10,53.118313506128466,29.872557358877305,38.43550385241349,No
2025-11-06 13:21:15,76.22640442998251,94.06792451153404,2.519341395922936,No
2025-11-06 13:21:20,109.50779307002549,25.929675886577375,83.89973277180107,No
2025-11-06 13:21:25,55.14258134842503,42.96568127389351,1.1417983454073632,No
2025-11-06 13:21:30,99.63662472012363,87.27302504846018,70.3699779629051,Yes
2025-11-06 13:21:35,109.68428489168892,84.19335667918087,97.02571097260571,No
2025-11-06 13:21:40,83.42438908169609,18.610141784627732,43.766132814820345,No
2025-11-06 13:21:45,127.09122037458219,80.26433097957104,23.497340499595275,No
2025-11-06 13:21:50,60.65982531337718,45.81868867378927,70.48710100433817,No
2025-11-06 13:21:55,57.513778173580874,48.29688720853552,81.71281420155852,No
2025-11-06 13:22:00,122.81887562036033,13.347997241594378,54.64303160778473,No
2025-11-06 13:22:05,99.54913162061985,8.060151375712465,96.70352752561462,No
2025-11-06 13:22:10,118.84023964277361,72.79393069737652,5.166872165796111,Yes
2025-11-06 13:22:15,93.48273386037462,49.646115235529976,50.479559830452814,No
2025-11-06 13:22:20,74.64020332391068,43.68507026151796,71.845394732255,No
2025-11-06 13:22:25,131.91023176742,72.95082286523967,86.2640471149179,No
2025-11-06 13:22:30,129.94158789689794,76.55128989911097,17.925561190779003,Yes
2025-11-06 13:22:35,119.46964708544267,15.890816766935355,80.00034817636814,No
2025-11-06 13:22:40,77.21451372299627,61.02251494776413,55.27070757185453,No
2025-11-06 13:22:45,109.0230666869087,13.535408227768553,39.65536819899632,Yes
2025-11-06 13:22:50,86.09738969400269,75.13750860290457,13.171502857909356,No
2025-11-06 13:22:55,59.158207332663416,65.69551562671396,86.52957589089124,No
2025-11-06 13:23:00,141.73135754622427,95.6614621083458,15.727320817971535,No
2025-11-06 13:23:05,63.68186309189614,6.895801635642118,30.978785920909925,No
2025-11-06 13:23:10,145.02373538208025,5.705472115125431,29.004553196243688,No
2025-11-06 13:23:15,94.60057729579557,28.218707469320016,87.14140341908544,No
